-- MySQL dump 10.13  Distrib 5.6.24, for Win64 (x86_64)
--
-- Host: localhost    Database: gas
-- ------------------------------------------------------
-- Server version	5.6.24

/*!40101 SET @OLD_CHARACTER_SET_CLIENT=@@CHARACTER_SET_CLIENT */;
/*!40101 SET @OLD_CHARACTER_SET_RESULTS=@@CHARACTER_SET_RESULTS */;
/*!40101 SET @OLD_COLLATION_CONNECTION=@@COLLATION_CONNECTION */;
/*!40101 SET NAMES utf8 */;
/*!40103 SET @OLD_TIME_ZONE=@@TIME_ZONE */;
/*!40103 SET TIME_ZONE='+00:00' */;
/*!40014 SET @OLD_UNIQUE_CHECKS=@@UNIQUE_CHECKS, UNIQUE_CHECKS=0 */;
/*!40014 SET @OLD_FOREIGN_KEY_CHECKS=@@FOREIGN_KEY_CHECKS, FOREIGN_KEY_CHECKS=0 */;
/*!40101 SET @OLD_SQL_MODE=@@SQL_MODE, SQL_MODE='NO_AUTO_VALUE_ON_ZERO' */;
/*!40111 SET @OLD_SQL_NOTES=@@SQL_NOTES, SQL_NOTES=0 */;

--
-- Table structure for table `car`
--

DROP TABLE IF EXISTS `car`;
/*!40101 SET @saved_cs_client     = @@character_set_client */;
/*!40101 SET character_set_client = utf8 */;
CREATE TABLE `car` (
  `id` int(11) NOT NULL AUTO_INCREMENT,
  `carNumber` varchar(45) DEFAULT NULL,
  `typeid` int(11) DEFAULT NULL,
  `cylinderNumber` varchar(64) DEFAULT NULL,
  PRIMARY KEY (`id`)
) ENGINE=InnoDB AUTO_INCREMENT=15 DEFAULT CHARSET=utf8;
/*!40101 SET character_set_client = @saved_cs_client */;

--
-- Dumping data for table `car`
--

LOCK TABLES `car` WRITE;
/*!40000 ALTER TABLE `car` DISABLE KEYS */;
INSERT INTO `car` VALUES (1,'asddswa',1,NULL),(13,'11111111111',1,NULL),(14,'1212121',1,NULL);
/*!40000 ALTER TABLE `car` ENABLE KEYS */;
UNLOCK TABLES;

--
-- Table structure for table `card`
--

DROP TABLE IF EXISTS `card`;
/*!40101 SET @saved_cs_client     = @@character_set_client */;
/*!40101 SET character_set_client = utf8 */;
CREATE TABLE `card` (
  `id` varchar(64) NOT NULL DEFAULT '',
  `typeid` int(11) DEFAULT NULL,
  `balance` double DEFAULT NULL,
  `stateid` int(11) DEFAULT NULL,
  `createDate` date DEFAULT NULL,
  PRIMARY KEY (`id`)
) ENGINE=InnoDB DEFAULT CHARSET=utf8;
/*!40101 SET character_set_client = @saved_cs_client */;

--
-- Dumping data for table `card`
--

LOCK TABLES `card` WRITE;
/*!40000 ALTER TABLE `card` DISABLE KEYS */;
INSERT INTO `card` VALUES ('0c41e679-bd82-4c51-b412-a8fb5f774b8c',3,0,2,NULL),('535aa2c8-b77f-423c-baba-9e27863da4c2',1,655,1,NULL),('fced6382-2207-4ebb-abae-a82736fda6a3',3,0,1,NULL);
/*!40000 ALTER TABLE `card` ENABLE KEYS */;
UNLOCK TABLES;

--
-- Table structure for table `cardhistory`
--

DROP TABLE IF EXISTS `cardhistory`;
/*!40101 SET @saved_cs_client     = @@character_set_client */;
/*!40101 SET character_set_client = utf8 */;
CREATE TABLE `cardhistory` (
  `id` int(11) NOT NULL AUTO_INCREMENT,
  `cardid` int(11) DEFAULT NULL,
  `operatorid` int(11) DEFAULT NULL,
  `time` date DEFAULT NULL,
  `remark` varchar(45) DEFAULT NULL,
  PRIMARY KEY (`id`)
) ENGINE=InnoDB DEFAULT CHARSET=utf8;
/*!40101 SET character_set_client = @saved_cs_client */;

--
-- Dumping data for table `cardhistory`
--

LOCK TABLES `cardhistory` WRITE;
/*!40000 ALTER TABLE `cardhistory` DISABLE KEYS */;
/*!40000 ALTER TABLE `cardhistory` ENABLE KEYS */;
UNLOCK TABLES;

--
-- Table structure for table `cardstate`
--

DROP TABLE IF EXISTS `cardstate`;
/*!40101 SET @saved_cs_client     = @@character_set_client */;
/*!40101 SET character_set_client = utf8 */;
CREATE TABLE `cardstate` (
  `id` int(11) NOT NULL AUTO_INCREMENT,
  `name` varchar(45) DEFAULT NULL,
  `desc` varchar(200) DEFAULT NULL,
  PRIMARY KEY (`id`)
) ENGINE=InnoDB AUTO_INCREMENT=4 DEFAULT CHARSET=utf8;
/*!40101 SET character_set_client = @saved_cs_client */;

--
-- Dumping data for table `cardstate`
--

LOCK TABLES `cardstate` WRITE;
/*!40000 ALTER TABLE `cardstate` DISABLE KEYS */;
INSERT INTO `cardstate` VALUES (1,'激活',NULL),(2,'挂失',NULL),(3,'注销',NULL);
/*!40000 ALTER TABLE `cardstate` ENABLE KEYS */;
UNLOCK TABLES;

--
-- Table structure for table `cardtype`
--

DROP TABLE IF EXISTS `cardtype`;
/*!40101 SET @saved_cs_client     = @@character_set_client */;
/*!40101 SET character_set_client = utf8 */;
CREATE TABLE `cardtype` (
  `id` int(11) NOT NULL AUTO_INCREMENT,
  `name` varchar(45) DEFAULT NULL,
  `desc` varchar(45) DEFAULT NULL,
  PRIMARY KEY (`id`)
) ENGINE=InnoDB AUTO_INCREMENT=4 DEFAULT CHARSET=utf8;
/*!40101 SET character_set_client = @saved_cs_client */;

--
-- Dumping data for table `cardtype`
--

LOCK TABLES `cardtype` WRITE;
/*!40000 ALTER TABLE `cardtype` DISABLE KEYS */;
INSERT INTO `cardtype` VALUES (1,'管理卡',NULL),(2,'员工卡',NULL),(3,'普通卡',NULL);
/*!40000 ALTER TABLE `cardtype` ENABLE KEYS */;
UNLOCK TABLES;

--
-- Table structure for table `cartype`
--

DROP TABLE IF EXISTS `cartype`;
/*!40101 SET @saved_cs_client     = @@character_set_client */;
/*!40101 SET character_set_client = utf8 */;
CREATE TABLE `cartype` (
  `id` int(11) NOT NULL AUTO_INCREMENT,
  `name` varchar(45) DEFAULT NULL,
  `desc` varchar(45) DEFAULT NULL,
  PRIMARY KEY (`id`)
) ENGINE=InnoDB AUTO_INCREMENT=3 DEFAULT CHARSET=utf8;
/*!40101 SET character_set_client = @saved_cs_client */;

--
-- Dumping data for table `cartype`
--

LOCK TABLES `cartype` WRITE;
/*!40000 ALTER TABLE `cartype` DISABLE KEYS */;
INSERT INTO `cartype` VALUES (1,'出租车',NULL),(2,'私家车',NULL);
/*!40000 ALTER TABLE `cartype` ENABLE KEYS */;
UNLOCK TABLES;

--
-- Table structure for table `company`
--

DROP TABLE IF EXISTS `company`;
/*!40101 SET @saved_cs_client     = @@character_set_client */;
/*!40101 SET character_set_client = utf8 */;
CREATE TABLE `company` (
  `id` int(11) NOT NULL AUTO_INCREMENT,
  `name` varchar(100) DEFAULT NULL,
  `leadingUser` int(11) DEFAULT NULL,
  `location` varchar(200) DEFAULT NULL,
  `phone` varchar(45) DEFAULT NULL,
  `freeGasNumber` double DEFAULT NULL,
  PRIMARY KEY (`id`)
) ENGINE=InnoDB AUTO_INCREMENT=5 DEFAULT CHARSET=utf8;
/*!40101 SET character_set_client = @saved_cs_client */;

--
-- Dumping data for table `company`
--

LOCK TABLES `company` WRITE;
/*!40000 ALTER TABLE `company` DISABLE KEYS */;
INSERT INTO `company` VALUES (1,'母站',1,'上海','123321232321',100000000),(2,'上海分公司',2,'上海','2332123',552931),(3,'北京分公司',3,'北京','3212321',45123),(4,'太原分公司',4,'太原','3321',12341);
/*!40000 ALTER TABLE `company` ENABLE KEYS */;
UNLOCK TABLES;

--
-- Table structure for table `costhistory`
--

DROP TABLE IF EXISTS `costhistory`;
/*!40101 SET @saved_cs_client     = @@character_set_client */;
/*!40101 SET character_set_client = utf8 */;
CREATE TABLE `costhistory` (
  `id` int(11) NOT NULL AUTO_INCREMENT,
  `userid` int(11) DEFAULT NULL,
  `operatorid` int(11) DEFAULT NULL,
  `gasAmount` double DEFAULT NULL,
  `price` double DEFAULT NULL,
  `companyid` int(11) DEFAULT NULL,
  `total` double DEFAULT NULL,
  `balance` double DEFAULT NULL,
  `time` datetime DEFAULT NULL,
  PRIMARY KEY (`id`)
) ENGINE=InnoDB AUTO_INCREMENT=4038 DEFAULT CHARSET=utf8;
/*!40101 SET character_set_client = @saved_cs_client */;

--
-- Dumping data for table `costhistory`
--

LOCK TABLES `costhistory` WRITE;
/*!40000 ALTER TABLE `costhistory` DISABLE KEYS */;
INSERT INTO `costhistory` VALUES (1,1,1,2,15,1,30,240,'2015-10-21 17:37:38'),(2,1,1,2,30,1,60,480,'2015-10-21 17:38:03'),(3,1,1,1,1,1,1,479,'2015-10-24 17:20:11'),(4,1,1,1,1,1,1,478,'2015-10-24 17:20:17'),(5,1,1,1,1,1,1,477,'2015-11-24 17:20:19'),(6,1,1,1,1,1,1,476,'2015-11-24 17:20:19'),(7,1,1,1,1,1,1,475,'2015-11-24 17:20:20'),(8,1,1,1,1,1,1,474,'2015-11-24 17:20:20'),(9,1,1,1,1,1,1,473,'2015-12-24 17:20:21'),(10,1,1,1,1,1,1,472,'2015-12-24 17:20:21'),(11,1,1,1,1,1,1,471,'2015-12-24 17:20:21'),(12,1,1,1,1,1,1,471,'2015-12-24 17:20:22'),(13,1,1,1,1,1,1,470,'2015-12-24 17:20:22'),(14,1,1,1,1,1,1,469,'2015-12-24 17:20:40'),(15,1,1,1,1,1,1,468,'2015-12-24 17:21:45'),(16,1,1,1,1,1,1,467,'2015-12-24 17:22:02'),(17,1,1,1,1,1,1,466,'2015-12-24 17:34:30'),(18,1,1,1,1,1,1,465,'2015-12-24 17:35:02'),(19,2,1,2,10,2,20,500,'2015-10-21 17:37:38'),(20,2,1,2,5,2,10,490,'2015-10-21 17:38:03'),(22,2,1,2,5,2,10,490,'2015-10-21 17:38:03'),(23,2,1,2,5,2,10,490,'2015-10-21 17:38:03'),(24,2,1,2,5,2,10,490,'2015-10-21 17:38:03'),(25,2,1,2,5,2,10,490,'2015-11-24 17:20:19'),(26,2,1,2,5,2,10,490,'2015-11-24 17:20:19'),(27,2,1,2,5,2,10,490,'2015-11-24 17:20:19'),(28,2,1,2,5,2,10,490,'2015-11-24 17:20:19'),(29,2,1,2,5,2,10,490,'2015-12-24 17:20:21'),(30,2,1,2,5,2,10,490,'2015-12-24 17:20:21'),(31,2,1,2,5,2,10,490,'2015-12-24 17:20:21'),(32,2,1,2,5,2,10,490,'2015-12-24 17:20:21'),(33,2,1,2,5,2,10,490,'2015-12-24 17:20:21'),(34,3,1,2,10,3,20,500,'2015-10-21 17:37:38'),(35,3,1,2,10,3,20,500,'2015-10-21 17:37:38'),(36,3,1,2,10,3,20,500,'2015-10-21 17:37:38'),(37,3,1,2,10,3,20,500,'2015-10-21 17:37:38'),(38,3,1,2,10,3,20,500,'2015-10-21 17:37:38'),(39,3,1,2,10,3,20,500,'2015-10-21 17:37:38'),(40,3,1,2,10,3,20,500,'2015-11-24 17:20:19'),(41,3,1,2,10,3,20,500,'2015-11-24 17:20:19'),(42,3,1,2,10,3,20,500,'2015-11-24 17:20:19'),(43,3,1,2,10,3,20,500,'2015-11-24 17:20:19'),(44,3,1,2,10,3,20,500,'2015-11-24 17:20:19'),(45,3,1,2,10,3,20,500,'2015-11-24 17:20:19'),(46,3,1,2,10,3,20,500,'2015-12-24 17:20:21'),(47,3,1,2,10,3,20,500,'2015-12-24 17:20:21'),(48,3,1,2,10,3,20,500,'2015-12-24 17:20:21'),(49,3,1,2,10,3,20,500,'2015-12-24 17:20:21'),(50,3,1,2,10,3,20,500,'2015-12-24 17:20:21'),(51,3,1,2,10,3,20,500,'2015-12-24 17:20:21'),(52,3,1,2,10,3,20,500,'2015-12-24 17:20:21'),(53,3,1,2,10,3,20,500,'2015-12-24 17:20:21'),(54,4,1,2,10,4,20,500,'2015-10-21 17:37:38'),(55,4,1,2,10,4,20,500,'2015-10-21 17:37:38'),(56,4,1,2,10,4,20,500,'2015-10-21 17:37:38'),(57,4,1,2,10,4,20,500,'2015-10-21 17:37:38'),(58,4,1,2,10,4,20,500,'2015-10-21 17:37:38'),(59,4,1,2,10,4,20,500,'2015-10-21 17:37:38'),(60,4,1,2,10,4,20,500,'2015-11-21 17:37:38'),(61,4,1,2,10,4,20,500,'2015-11-21 17:37:38'),(62,4,1,2,10,4,20,500,'2015-11-21 17:37:38'),(63,4,1,2,10,4,20,500,'2015-11-21 17:37:38'),(64,4,1,2,10,4,20,500,'2015-11-21 17:37:38'),(65,4,1,2,10,4,20,500,'2015-12-21 17:37:38'),(66,4,1,2,10,4,20,500,'2015-12-21 17:37:38'),(67,4,1,2,10,4,20,500,'2015-12-21 17:37:38'),(68,4,1,2,10,4,20,500,'2015-12-21 17:37:38'),(69,4,1,2,10,4,20,500,'2015-12-21 17:37:38'),(70,4,1,2,10,4,20,500,'2015-12-21 17:37:38'),(71,4,1,2,10,4,20,500,'2015-12-21 17:37:38'),(72,4,1,2,10,4,20,500,'2015-12-21 17:37:38'),(73,4,1,2,10,4,20,500,'2015-12-21 17:37:38'),(74,1,1,1,10,1,10,555,'2016-02-20 13:17:15'),(75,1,1,2,15,1,30,240,'2015-09-21 17:37:38'),(76,1,1,2,30,1,60,480,'2015-09-21 17:38:03'),(77,1,1,1,1,1,1,479,'2015-09-24 17:20:11'),(78,1,1,1,1,1,1,478,'2015-09-24 17:20:17'),(79,1,1,1,1,1,1,477,'2015-10-24 17:20:19'),(80,1,1,1,1,1,1,476,'2015-10-24 17:20:19'),(81,1,1,1,1,1,1,475,'2015-10-24 17:20:20'),(82,1,1,1,1,1,1,474,'2015-10-24 17:20:20'),(83,1,1,1,1,1,1,473,'2015-11-24 17:20:21'),(84,1,1,1,1,1,1,472,'2015-11-24 17:20:21'),(85,1,1,1,1,1,1,471,'2015-11-24 17:20:21'),(86,1,1,1,1,1,1,471,'2015-11-24 17:20:22'),(87,1,1,1,1,1,1,470,'2015-11-24 17:20:22'),(88,1,1,1,1,1,1,469,'2015-11-24 17:20:40'),(89,1,1,1,1,1,1,468,'2015-11-24 17:21:45'),(90,1,1,1,1,1,1,467,'2015-11-24 17:22:02'),(91,1,1,1,1,1,1,466,'2015-11-24 17:34:30'),(92,1,1,1,1,1,1,465,'2015-11-24 17:35:02'),(93,2,1,2,10,2,20,500,'2015-09-21 17:37:38'),(94,2,1,2,5,2,10,490,'2015-09-21 17:38:03'),(95,2,1,2,5,2,10,490,'2015-09-21 17:38:03'),(96,2,1,2,5,2,10,490,'2015-09-21 17:38:03'),(97,2,1,2,5,2,10,490,'2015-09-21 17:38:03'),(98,2,1,2,5,2,10,490,'2015-10-24 17:20:19'),(99,2,1,2,5,2,10,490,'2015-10-24 17:20:19'),(100,2,1,2,5,2,10,490,'2015-10-24 17:20:19'),(101,2,1,2,5,2,10,490,'2015-10-24 17:20:19'),(102,2,1,2,5,2,10,490,'2015-11-24 17:20:21'),(103,2,1,2,5,2,10,490,'2015-11-24 17:20:21'),(104,2,1,2,5,2,10,490,'2015-11-24 17:20:21'),(105,2,1,2,5,2,10,490,'2015-11-24 17:20:21'),(106,2,1,2,5,2,10,490,'2015-11-24 17:20:21'),(107,3,1,2,10,3,20,500,'2015-09-21 17:37:38'),(108,3,1,2,10,3,20,500,'2015-09-21 17:37:38'),(109,3,1,2,10,3,20,500,'2015-09-21 17:37:38'),(110,3,1,2,10,3,20,500,'2015-09-21 17:37:38'),(111,3,1,2,10,3,20,500,'2015-09-21 17:37:38'),(112,3,1,2,10,3,20,500,'2015-09-21 17:37:38'),(113,3,1,2,10,3,20,500,'2015-10-24 17:20:19'),(114,3,1,2,10,3,20,500,'2015-10-24 17:20:19'),(115,3,1,2,10,3,20,500,'2015-10-24 17:20:19'),(116,3,1,2,10,3,20,500,'2015-10-24 17:20:19'),(117,3,1,2,10,3,20,500,'2015-10-24 17:20:19'),(118,3,1,2,10,3,20,500,'2015-10-24 17:20:19'),(119,3,1,2,10,3,20,500,'2015-11-24 17:20:21'),(120,3,1,2,10,3,20,500,'2015-11-24 17:20:21'),(121,3,1,2,10,3,20,500,'2015-11-24 17:20:21'),(122,3,1,2,10,3,20,500,'2015-11-24 17:20:21'),(123,3,1,2,10,3,20,500,'2015-11-24 17:20:21'),(124,3,1,2,10,3,20,500,'2015-11-24 17:20:21'),(125,3,1,2,10,3,20,500,'2015-11-24 17:20:21'),(126,3,1,2,10,3,20,500,'2015-11-24 17:20:21'),(127,4,1,2,10,4,20,500,'2015-09-21 17:37:38'),(128,4,1,2,10,4,20,500,'2015-09-21 17:37:38'),(129,4,1,2,10,4,20,500,'2015-09-21 17:37:38'),(130,4,1,2,10,4,20,500,'2015-09-21 17:37:38'),(131,4,1,2,10,4,20,500,'2015-09-21 17:37:38'),(132,4,1,2,10,4,20,500,'2015-09-21 17:37:38'),(133,4,1,2,10,4,20,500,'2015-10-21 17:37:38'),(134,4,1,2,10,4,20,500,'2015-10-21 17:37:38'),(135,4,1,2,10,4,20,500,'2015-10-21 17:37:38'),(136,4,1,2,10,4,20,500,'2015-10-21 17:37:38'),(137,4,1,2,10,4,20,500,'2015-10-21 17:37:38'),(138,4,1,2,10,4,20,500,'2015-11-21 17:37:38'),(139,4,1,2,10,4,20,500,'2015-11-21 17:37:38'),(140,4,1,2,10,4,20,500,'2015-11-21 17:37:38'),(141,4,1,2,10,4,20,500,'2015-11-21 17:37:38'),(142,4,1,2,10,4,20,500,'2015-11-21 17:37:38'),(143,4,1,2,10,4,20,500,'2015-11-21 17:37:38'),(144,4,1,2,10,4,20,500,'2015-11-21 17:37:38'),(145,4,1,2,10,4,20,500,'2015-11-21 17:37:38'),(146,4,1,2,10,4,20,500,'2015-11-21 17:37:38'),(147,1,1,1,10,1,10,555,'2016-01-20 13:17:15'),(202,1,1,2,15,1,30,240,'2015-06-21 17:37:38'),(203,1,1,2,30,1,60,480,'2015-06-21 17:38:03'),(204,1,1,1,1,1,1,479,'2015-06-24 17:20:11'),(205,1,1,1,1,1,1,478,'2015-06-24 17:20:17'),(206,1,1,1,1,1,1,477,'2015-07-24 17:20:19'),(207,1,1,1,1,1,1,476,'2015-07-24 17:20:19'),(208,1,1,1,1,1,1,475,'2015-07-24 17:20:20'),(209,1,1,1,1,1,1,474,'2015-07-24 17:20:20'),(210,1,1,1,1,1,1,473,'2015-08-24 17:20:21'),(211,1,1,1,1,1,1,472,'2015-08-24 17:20:21'),(212,1,1,1,1,1,1,471,'2015-08-24 17:20:21'),(213,1,1,1,1,1,1,471,'2015-08-24 17:20:22'),(214,1,1,1,1,1,1,470,'2015-08-24 17:20:22'),(215,1,1,1,1,1,1,469,'2015-08-24 17:20:40'),(216,1,1,1,1,1,1,468,'2015-08-24 17:21:45'),(217,1,1,1,1,1,1,467,'2015-08-24 17:22:02'),(218,1,1,1,1,1,1,466,'2015-08-24 17:34:30'),(219,1,1,1,1,1,1,465,'2015-08-24 17:35:02'),(220,2,1,2,10,2,20,500,'2015-06-21 17:37:38'),(221,2,1,2,5,2,10,490,'2015-06-21 17:38:03'),(222,2,1,2,5,2,10,490,'2015-06-21 17:38:03'),(223,2,1,2,5,2,10,490,'2015-06-21 17:38:03'),(224,2,1,2,5,2,10,490,'2015-06-21 17:38:03'),(225,2,1,2,5,2,10,490,'2015-07-24 17:20:19'),(226,2,1,2,5,2,10,490,'2015-07-24 17:20:19'),(227,2,1,2,5,2,10,490,'2015-07-24 17:20:19'),(228,2,1,2,5,2,10,490,'2015-07-24 17:20:19'),(229,2,1,2,5,2,10,490,'2015-08-24 17:20:21'),(230,2,1,2,5,2,10,490,'2015-08-24 17:20:21'),(231,2,1,2,5,2,10,490,'2015-08-24 17:20:21'),(232,2,1,2,5,2,10,490,'2015-08-24 17:20:21'),(233,2,1,2,5,2,10,490,'2015-08-24 17:20:21'),(234,3,1,2,10,3,20,500,'2015-06-21 17:37:38'),(235,3,1,2,10,3,20,500,'2015-06-21 17:37:38'),(236,3,1,2,10,3,20,500,'2015-06-21 17:37:38'),(237,3,1,2,10,3,20,500,'2015-06-21 17:37:38'),(238,3,1,2,10,3,20,500,'2015-06-21 17:37:38'),(239,3,1,2,10,3,20,500,'2015-06-21 17:37:38'),(240,3,1,2,10,3,20,500,'2015-07-24 17:20:19'),(241,3,1,2,10,3,20,500,'2015-07-24 17:20:19'),(242,3,1,2,10,3,20,500,'2015-07-24 17:20:19'),(243,3,1,2,10,3,20,500,'2015-07-24 17:20:19'),(244,3,1,2,10,3,20,500,'2015-07-24 17:20:19'),(245,3,1,2,10,3,20,500,'2015-07-24 17:20:19'),(246,3,1,2,10,3,20,500,'2015-08-24 17:20:21'),(247,3,1,2,10,3,20,500,'2015-08-24 17:20:21'),(248,3,1,2,10,3,20,500,'2015-08-24 17:20:21'),(249,3,1,2,10,3,20,500,'2015-08-24 17:20:21'),(250,3,1,2,10,3,20,500,'2015-08-24 17:20:21'),(251,3,1,2,10,3,20,500,'2015-08-24 17:20:21'),(252,3,1,2,10,3,20,500,'2015-08-24 17:20:21'),(253,3,1,2,10,3,20,500,'2015-08-24 17:20:21'),(254,4,1,2,10,4,20,500,'2015-06-21 17:37:38'),(255,4,1,2,10,4,20,500,'2015-06-21 17:37:38'),(256,4,1,2,10,4,20,500,'2015-06-21 17:37:38'),(257,4,1,2,10,4,20,500,'2015-06-21 17:37:38'),(258,4,1,2,10,4,20,500,'2015-06-21 17:37:38'),(259,4,1,2,10,4,20,500,'2015-06-21 17:37:38'),(260,4,1,2,10,4,20,500,'2015-07-21 17:37:38'),(261,4,1,2,10,4,20,500,'2015-07-21 17:37:38'),(262,4,1,2,10,4,20,500,'2015-07-21 17:37:38'),(263,4,1,2,10,4,20,500,'2015-07-21 17:37:38'),(264,4,1,2,10,4,20,500,'2015-07-21 17:37:38'),(265,4,1,2,10,4,20,500,'2015-08-21 17:37:38'),(266,4,1,2,10,4,20,500,'2015-08-21 17:37:38'),(267,4,1,2,10,4,20,500,'2015-08-21 17:37:38'),(268,4,1,2,10,4,20,500,'2015-08-21 17:37:38'),(269,4,1,2,10,4,20,500,'2015-08-21 17:37:38'),(270,4,1,2,10,4,20,500,'2015-08-21 17:37:38'),(271,4,1,2,10,4,20,500,'2015-08-21 17:37:38'),(272,4,1,2,10,4,20,500,'2015-08-21 17:37:38'),(273,4,1,2,10,4,20,500,'2015-08-21 17:37:38'),(274,1,1,1,10,1,10,555,'2015-10-20 13:17:15'),(275,1,1,2,15,1,30,240,'2015-05-21 17:37:38'),(276,1,1,2,30,1,60,480,'2015-05-21 17:38:03'),(277,1,1,1,1,1,1,479,'2015-05-24 17:20:11'),(278,1,1,1,1,1,1,478,'2015-05-24 17:20:17'),(279,1,1,1,1,1,1,477,'2015-06-24 17:20:19'),(280,1,1,1,1,1,1,476,'2015-06-24 17:20:19'),(281,1,1,1,1,1,1,475,'2015-06-24 17:20:20'),(282,1,1,1,1,1,1,474,'2015-06-24 17:20:20'),(283,1,1,1,1,1,1,473,'2015-07-24 17:20:21'),(284,1,1,1,1,1,1,472,'2015-07-24 17:20:21'),(285,1,1,1,1,1,1,471,'2015-07-24 17:20:21'),(286,1,1,1,1,1,1,471,'2015-07-24 17:20:22'),(287,1,1,1,1,1,1,470,'2015-07-24 17:20:22'),(288,1,1,1,1,1,1,469,'2015-07-24 17:20:40'),(289,1,1,1,1,1,1,468,'2015-07-24 17:21:45'),(290,1,1,1,1,1,1,467,'2015-07-24 17:22:02'),(291,1,1,1,1,1,1,466,'2015-07-24 17:34:30'),(292,1,1,1,1,1,1,465,'2015-07-24 17:35:02'),(293,2,1,2,10,2,20,500,'2015-05-21 17:37:38'),(294,2,1,2,5,2,10,490,'2015-05-21 17:38:03'),(295,2,1,2,5,2,10,490,'2015-05-21 17:38:03'),(296,2,1,2,5,2,10,490,'2015-05-21 17:38:03'),(297,2,1,2,5,2,10,490,'2015-05-21 17:38:03'),(298,2,1,2,5,2,10,490,'2015-06-24 17:20:19'),(299,2,1,2,5,2,10,490,'2015-06-24 17:20:19'),(300,2,1,2,5,2,10,490,'2015-06-24 17:20:19'),(301,2,1,2,5,2,10,490,'2015-06-24 17:20:19'),(302,2,1,2,5,2,10,490,'2015-07-24 17:20:21'),(303,2,1,2,5,2,10,490,'2015-07-24 17:20:21'),(304,2,1,2,5,2,10,490,'2015-07-24 17:20:21'),(305,2,1,2,5,2,10,490,'2015-07-24 17:20:21'),(306,2,1,2,5,2,10,490,'2015-07-24 17:20:21'),(307,3,1,2,10,3,20,500,'2015-05-21 17:37:38'),(308,3,1,2,10,3,20,500,'2015-05-21 17:37:38'),(309,3,1,2,10,3,20,500,'2015-05-21 17:37:38'),(310,3,1,2,10,3,20,500,'2015-05-21 17:37:38'),(311,3,1,2,10,3,20,500,'2015-05-21 17:37:38'),(312,3,1,2,10,3,20,500,'2015-05-21 17:37:38'),(313,3,1,2,10,3,20,500,'2015-06-24 17:20:19'),(314,3,1,2,10,3,20,500,'2015-06-24 17:20:19'),(315,3,1,2,10,3,20,500,'2015-06-24 17:20:19'),(316,3,1,2,10,3,20,500,'2015-06-24 17:20:19'),(317,3,1,2,10,3,20,500,'2015-06-24 17:20:19'),(318,3,1,2,10,3,20,500,'2015-06-24 17:20:19'),(319,3,1,2,10,3,20,500,'2015-07-24 17:20:21'),(320,3,1,2,10,3,20,500,'2015-07-24 17:20:21'),(321,3,1,2,10,3,20,500,'2015-07-24 17:20:21'),(322,3,1,2,10,3,20,500,'2015-07-24 17:20:21'),(323,3,1,2,10,3,20,500,'2015-07-24 17:20:21'),(324,3,1,2,10,3,20,500,'2015-07-24 17:20:21'),(325,3,1,2,10,3,20,500,'2015-07-24 17:20:21'),(326,3,1,2,10,3,20,500,'2015-07-24 17:20:21'),(327,4,1,2,10,4,20,500,'2015-05-21 17:37:38'),(328,4,1,2,10,4,20,500,'2015-05-21 17:37:38'),(329,4,1,2,10,4,20,500,'2015-05-21 17:37:38'),(330,4,1,2,10,4,20,500,'2015-05-21 17:37:38'),(331,4,1,2,10,4,20,500,'2015-05-21 17:37:38'),(332,4,1,2,10,4,20,500,'2015-05-21 17:37:38'),(333,4,1,2,10,4,20,500,'2015-06-21 17:37:38'),(334,4,1,2,10,4,20,500,'2015-06-21 17:37:38'),(335,4,1,2,10,4,20,500,'2015-06-21 17:37:38'),(336,4,1,2,10,4,20,500,'2015-06-21 17:37:38'),(337,4,1,2,10,4,20,500,'2015-06-21 17:37:38'),(338,4,1,2,10,4,20,500,'2015-07-21 17:37:38'),(339,4,1,2,10,4,20,500,'2015-07-21 17:37:38'),(340,4,1,2,10,4,20,500,'2015-07-21 17:37:38'),(341,4,1,2,10,4,20,500,'2015-07-21 17:37:38'),(342,4,1,2,10,4,20,500,'2015-07-21 17:37:38'),(343,4,1,2,10,4,20,500,'2015-07-21 17:37:38'),(344,4,1,2,10,4,20,500,'2015-07-21 17:37:38'),(345,4,1,2,10,4,20,500,'2015-07-21 17:37:38'),(346,4,1,2,10,4,20,500,'2015-07-21 17:37:38'),(347,1,1,1,10,1,10,555,'2015-09-20 13:17:15'),(457,1,1,2,15,1,30,240,'2015-02-21 17:37:38'),(458,1,1,2,30,1,60,480,'2015-02-21 17:38:03'),(459,1,1,1,1,1,1,479,'2015-02-24 17:20:11'),(460,1,1,1,1,1,1,478,'2015-02-24 17:20:17'),(461,1,1,1,1,1,1,477,'2015-03-24 17:20:19'),(462,1,1,1,1,1,1,476,'2015-03-24 17:20:19'),(463,1,1,1,1,1,1,475,'2015-03-24 17:20:20'),(464,1,1,1,1,1,1,474,'2015-03-24 17:20:20'),(465,1,1,1,1,1,1,473,'2015-04-24 17:20:21'),(466,1,1,1,1,1,1,472,'2015-04-24 17:20:21'),(467,1,1,1,1,1,1,471,'2015-04-24 17:20:21'),(468,1,1,1,1,1,1,471,'2015-04-24 17:20:22'),(469,1,1,1,1,1,1,470,'2015-04-24 17:20:22'),(470,1,1,1,1,1,1,469,'2015-04-24 17:20:40'),(471,1,1,1,1,1,1,468,'2015-04-24 17:21:45'),(472,1,1,1,1,1,1,467,'2015-04-24 17:22:02'),(473,1,1,1,1,1,1,466,'2015-04-24 17:34:30'),(474,1,1,1,1,1,1,465,'2015-04-24 17:35:02'),(475,2,1,2,10,2,20,500,'2015-02-21 17:37:38'),(476,2,1,2,5,2,10,490,'2015-02-21 17:38:03'),(477,2,1,2,5,2,10,490,'2015-02-21 17:38:03'),(478,2,1,2,5,2,10,490,'2015-02-21 17:38:03'),(479,2,1,2,5,2,10,490,'2015-02-21 17:38:03'),(480,2,1,2,5,2,10,490,'2015-03-24 17:20:19'),(481,2,1,2,5,2,10,490,'2015-03-24 17:20:19'),(482,2,1,2,5,2,10,490,'2015-03-24 17:20:19'),(483,2,1,2,5,2,10,490,'2015-03-24 17:20:19'),(484,2,1,2,5,2,10,490,'2015-04-24 17:20:21'),(485,2,1,2,5,2,10,490,'2015-04-24 17:20:21'),(486,2,1,2,5,2,10,490,'2015-04-24 17:20:21'),(487,2,1,2,5,2,10,490,'2015-04-24 17:20:21'),(488,2,1,2,5,2,10,490,'2015-04-24 17:20:21'),(489,3,1,2,10,3,20,500,'2015-02-21 17:37:38'),(490,3,1,2,10,3,20,500,'2015-02-21 17:37:38'),(491,3,1,2,10,3,20,500,'2015-02-21 17:37:38'),(492,3,1,2,10,3,20,500,'2015-02-21 17:37:38'),(493,3,1,2,10,3,20,500,'2015-02-21 17:37:38'),(494,3,1,2,10,3,20,500,'2015-02-21 17:37:38'),(495,3,1,2,10,3,20,500,'2015-03-24 17:20:19'),(496,3,1,2,10,3,20,500,'2015-03-24 17:20:19'),(497,3,1,2,10,3,20,500,'2015-03-24 17:20:19'),(498,3,1,2,10,3,20,500,'2015-03-24 17:20:19'),(499,3,1,2,10,3,20,500,'2015-03-24 17:20:19'),(500,3,1,2,10,3,20,500,'2015-03-24 17:20:19'),(501,3,1,2,10,3,20,500,'2015-04-24 17:20:21'),(502,3,1,2,10,3,20,500,'2015-04-24 17:20:21'),(503,3,1,2,10,3,20,500,'2015-04-24 17:20:21'),(504,3,1,2,10,3,20,500,'2015-04-24 17:20:21'),(505,3,1,2,10,3,20,500,'2015-04-24 17:20:21'),(506,3,1,2,10,3,20,500,'2015-04-24 17:20:21'),(507,3,1,2,10,3,20,500,'2015-04-24 17:20:21'),(508,3,1,2,10,3,20,500,'2015-04-24 17:20:21'),(509,4,1,2,10,4,20,500,'2015-02-21 17:37:38'),(510,4,1,2,10,4,20,500,'2015-02-21 17:37:38'),(511,4,1,2,10,4,20,500,'2015-02-21 17:37:38'),(512,4,1,2,10,4,20,500,'2015-02-21 17:37:38'),(513,4,1,2,10,4,20,500,'2015-02-21 17:37:38'),(514,4,1,2,10,4,20,500,'2015-02-21 17:37:38'),(515,4,1,2,10,4,20,500,'2015-03-21 17:37:38'),(516,4,1,2,10,4,20,500,'2015-03-21 17:37:38'),(517,4,1,2,10,4,20,500,'2015-03-21 17:37:38'),(518,4,1,2,10,4,20,500,'2015-03-21 17:37:38'),(519,4,1,2,10,4,20,500,'2015-03-21 17:37:38'),(520,4,1,2,10,4,20,500,'2015-04-21 17:37:38'),(521,4,1,2,10,4,20,500,'2015-04-21 17:37:38'),(522,4,1,2,10,4,20,500,'2015-04-21 17:37:38'),(523,4,1,2,10,4,20,500,'2015-04-21 17:37:38'),(524,4,1,2,10,4,20,500,'2015-04-21 17:37:38'),(525,4,1,2,10,4,20,500,'2015-04-21 17:37:38'),(526,4,1,2,10,4,20,500,'2015-04-21 17:37:38'),(527,4,1,2,10,4,20,500,'2015-04-21 17:37:38'),(528,4,1,2,10,4,20,500,'2015-04-21 17:37:38'),(529,1,1,1,10,1,10,555,'2015-06-20 13:17:15'),(530,1,1,2,15,1,30,240,'2015-01-21 17:37:38'),(531,1,1,2,30,1,60,480,'2015-01-21 17:38:03'),(532,1,1,1,1,1,1,479,'2015-01-24 17:20:11'),(533,1,1,1,1,1,1,478,'2015-01-24 17:20:17'),(534,1,1,1,1,1,1,477,'2015-02-24 17:20:19'),(535,1,1,1,1,1,1,476,'2015-02-24 17:20:19'),(536,1,1,1,1,1,1,475,'2015-02-24 17:20:20'),(537,1,1,1,1,1,1,474,'2015-02-24 17:20:20'),(538,1,1,1,1,1,1,473,'2015-03-24 17:20:21'),(539,1,1,1,1,1,1,472,'2015-03-24 17:20:21'),(540,1,1,1,1,1,1,471,'2015-03-24 17:20:21'),(541,1,1,1,1,1,1,471,'2015-03-24 17:20:22'),(542,1,1,1,1,1,1,470,'2015-03-24 17:20:22'),(543,1,1,1,1,1,1,469,'2015-03-24 17:20:40'),(544,1,1,1,1,1,1,468,'2015-03-24 17:21:45'),(545,1,1,1,1,1,1,467,'2015-03-24 17:22:02'),(546,1,1,1,1,1,1,466,'2015-03-24 17:34:30'),(547,1,1,1,1,1,1,465,'2015-03-24 17:35:02'),(548,2,1,2,10,2,20,500,'2015-01-21 17:37:38'),(549,2,1,2,5,2,10,490,'2015-01-21 17:38:03'),(550,2,1,2,5,2,10,490,'2015-01-21 17:38:03'),(551,2,1,2,5,2,10,490,'2015-01-21 17:38:03'),(552,2,1,2,5,2,10,490,'2015-01-21 17:38:03'),(553,2,1,2,5,2,10,490,'2015-02-24 17:20:19'),(554,2,1,2,5,2,10,490,'2015-02-24 17:20:19'),(555,2,1,2,5,2,10,490,'2015-02-24 17:20:19'),(556,2,1,2,5,2,10,490,'2015-02-24 17:20:19'),(557,2,1,2,5,2,10,490,'2015-03-24 17:20:21'),(558,2,1,2,5,2,10,490,'2015-03-24 17:20:21'),(559,2,1,2,5,2,10,490,'2015-03-24 17:20:21'),(560,2,1,2,5,2,10,490,'2015-03-24 17:20:21'),(561,2,1,2,5,2,10,490,'2015-03-24 17:20:21'),(562,3,1,2,10,3,20,500,'2015-01-21 17:37:38'),(563,3,1,2,10,3,20,500,'2015-01-21 17:37:38'),(564,3,1,2,10,3,20,500,'2015-01-21 17:37:38'),(565,3,1,2,10,3,20,500,'2015-01-21 17:37:38'),(566,3,1,2,10,3,20,500,'2015-01-21 17:37:38'),(567,3,1,2,10,3,20,500,'2015-01-21 17:37:38'),(568,3,1,2,10,3,20,500,'2015-02-24 17:20:19'),(569,3,1,2,10,3,20,500,'2015-02-24 17:20:19'),(570,3,1,2,10,3,20,500,'2015-02-24 17:20:19'),(571,3,1,2,10,3,20,500,'2015-02-24 17:20:19'),(572,3,1,2,10,3,20,500,'2015-02-24 17:20:19'),(573,3,1,2,10,3,20,500,'2015-02-24 17:20:19'),(574,3,1,2,10,3,20,500,'2015-03-24 17:20:21'),(575,3,1,2,10,3,20,500,'2015-03-24 17:20:21'),(576,3,1,2,10,3,20,500,'2015-03-24 17:20:21'),(577,3,1,2,10,3,20,500,'2015-03-24 17:20:21'),(578,3,1,2,10,3,20,500,'2015-03-24 17:20:21'),(579,3,1,2,10,3,20,500,'2015-03-24 17:20:21'),(580,3,1,2,10,3,20,500,'2015-03-24 17:20:21'),(581,3,1,2,10,3,20,500,'2015-03-24 17:20:21'),(582,4,1,2,10,4,20,500,'2015-01-21 17:37:38'),(583,4,1,2,10,4,20,500,'2015-01-21 17:37:38'),(584,4,1,2,10,4,20,500,'2015-01-21 17:37:38'),(585,4,1,2,10,4,20,500,'2015-01-21 17:37:38'),(586,4,1,2,10,4,20,500,'2015-01-21 17:37:38'),(587,4,1,2,10,4,20,500,'2015-01-21 17:37:38'),(588,4,1,2,10,4,20,500,'2015-02-21 17:37:38'),(589,4,1,2,10,4,20,500,'2015-02-21 17:37:38'),(590,4,1,2,10,4,20,500,'2015-02-21 17:37:38'),(591,4,1,2,10,4,20,500,'2015-02-21 17:37:38'),(592,4,1,2,10,4,20,500,'2015-02-21 17:37:38'),(593,4,1,2,10,4,20,500,'2015-03-21 17:37:38'),(594,4,1,2,10,4,20,500,'2015-03-21 17:37:38'),(595,4,1,2,10,4,20,500,'2015-03-21 17:37:38'),(596,4,1,2,10,4,20,500,'2015-03-21 17:37:38'),(597,4,1,2,10,4,20,500,'2015-03-21 17:37:38'),(598,4,1,2,10,4,20,500,'2015-03-21 17:37:38'),(599,4,1,2,10,4,20,500,'2015-03-21 17:37:38'),(600,4,1,2,10,4,20,500,'2015-03-21 17:37:38'),(601,4,1,2,10,4,20,500,'2015-03-21 17:37:38'),(602,1,1,1,10,1,10,555,'2015-05-20 13:17:15'),(603,1,1,2,15,1,30,240,'2014-10-21 17:37:38'),(604,1,1,2,30,1,60,480,'2014-10-21 17:38:03'),(605,1,1,1,1,1,1,479,'2014-10-24 17:20:11'),(606,1,1,1,1,1,1,478,'2014-10-24 17:20:17'),(607,1,1,1,1,1,1,477,'2014-11-24 17:20:19'),(608,1,1,1,1,1,1,476,'2014-11-24 17:20:19'),(609,1,1,1,1,1,1,475,'2014-11-24 17:20:20'),(610,1,1,1,1,1,1,474,'2014-11-24 17:20:20'),(611,1,1,1,1,1,1,473,'2014-12-24 17:20:21'),(612,1,1,1,1,1,1,472,'2014-12-24 17:20:21'),(613,1,1,1,1,1,1,471,'2014-12-24 17:20:21'),(614,1,1,1,1,1,1,471,'2014-12-24 17:20:22'),(615,1,1,1,1,1,1,470,'2014-12-24 17:20:22'),(616,1,1,1,1,1,1,469,'2014-12-24 17:20:40'),(617,1,1,1,1,1,1,468,'2014-12-24 17:21:45'),(618,1,1,1,1,1,1,467,'2014-12-24 17:22:02'),(619,1,1,1,1,1,1,466,'2014-12-24 17:34:30'),(620,1,1,1,1,1,1,465,'2014-12-24 17:35:02'),(621,2,1,2,10,2,20,500,'2014-10-21 17:37:38'),(622,2,1,2,5,2,10,490,'2014-10-21 17:38:03'),(623,2,1,2,5,2,10,490,'2014-10-21 17:38:03'),(624,2,1,2,5,2,10,490,'2014-10-21 17:38:03'),(625,2,1,2,5,2,10,490,'2014-10-21 17:38:03'),(626,2,1,2,5,2,10,490,'2014-11-24 17:20:19'),(627,2,1,2,5,2,10,490,'2014-11-24 17:20:19'),(628,2,1,2,5,2,10,490,'2014-11-24 17:20:19'),(629,2,1,2,5,2,10,490,'2014-11-24 17:20:19'),(630,2,1,2,5,2,10,490,'2014-12-24 17:20:21'),(631,2,1,2,5,2,10,490,'2014-12-24 17:20:21'),(632,2,1,2,5,2,10,490,'2014-12-24 17:20:21'),(633,2,1,2,5,2,10,490,'2014-12-24 17:20:21'),(634,2,1,2,5,2,10,490,'2014-12-24 17:20:21'),(635,3,1,2,10,3,20,500,'2014-10-21 17:37:38'),(636,3,1,2,10,3,20,500,'2014-10-21 17:37:38'),(637,3,1,2,10,3,20,500,'2014-10-21 17:37:38'),(638,3,1,2,10,3,20,500,'2014-10-21 17:37:38'),(639,3,1,2,10,3,20,500,'2014-10-21 17:37:38'),(640,3,1,2,10,3,20,500,'2014-10-21 17:37:38'),(641,3,1,2,10,3,20,500,'2014-11-24 17:20:19'),(642,3,1,2,10,3,20,500,'2014-11-24 17:20:19'),(643,3,1,2,10,3,20,500,'2014-11-24 17:20:19'),(644,3,1,2,10,3,20,500,'2014-11-24 17:20:19'),(645,3,1,2,10,3,20,500,'2014-11-24 17:20:19'),(646,3,1,2,10,3,20,500,'2014-11-24 17:20:19'),(647,3,1,2,10,3,20,500,'2014-12-24 17:20:21'),(648,3,1,2,10,3,20,500,'2014-12-24 17:20:21'),(649,3,1,2,10,3,20,500,'2014-12-24 17:20:21'),(650,3,1,2,10,3,20,500,'2014-12-24 17:20:21'),(651,3,1,2,10,3,20,500,'2014-12-24 17:20:21'),(652,3,1,2,10,3,20,500,'2014-12-24 17:20:21'),(653,3,1,2,10,3,20,500,'2014-12-24 17:20:21'),(654,3,1,2,10,3,20,500,'2014-12-24 17:20:21'),(655,4,1,2,10,4,20,500,'2014-10-21 17:37:38'),(656,4,1,2,10,4,20,500,'2014-10-21 17:37:38'),(657,4,1,2,10,4,20,500,'2014-10-21 17:37:38'),(658,4,1,2,10,4,20,500,'2014-10-21 17:37:38'),(659,4,1,2,10,4,20,500,'2014-10-21 17:37:38'),(660,4,1,2,10,4,20,500,'2014-10-21 17:37:38'),(661,4,1,2,10,4,20,500,'2014-11-21 17:37:38'),(662,4,1,2,10,4,20,500,'2014-11-21 17:37:38'),(663,4,1,2,10,4,20,500,'2014-11-21 17:37:38'),(664,4,1,2,10,4,20,500,'2014-11-21 17:37:38'),(665,4,1,2,10,4,20,500,'2014-11-21 17:37:38'),(666,4,1,2,10,4,20,500,'2014-12-21 17:37:38'),(667,4,1,2,10,4,20,500,'2014-12-21 17:37:38'),(668,4,1,2,10,4,20,500,'2014-12-21 17:37:38'),(669,4,1,2,10,4,20,500,'2014-12-21 17:37:38'),(670,4,1,2,10,4,20,500,'2014-12-21 17:37:38'),(671,4,1,2,10,4,20,500,'2014-12-21 17:37:38'),(672,4,1,2,10,4,20,500,'2014-12-21 17:37:38'),(673,4,1,2,10,4,20,500,'2014-12-21 17:37:38'),(674,4,1,2,10,4,20,500,'2014-12-21 17:37:38'),(675,1,1,1,10,1,10,555,'2015-02-20 13:17:15'),(676,1,1,2,15,1,30,240,'2014-09-21 17:37:38'),(677,1,1,2,30,1,60,480,'2014-09-21 17:38:03'),(678,1,1,1,1,1,1,479,'2014-09-24 17:20:11'),(679,1,1,1,1,1,1,478,'2014-09-24 17:20:17'),(680,1,1,1,1,1,1,477,'2014-10-24 17:20:19'),(681,1,1,1,1,1,1,476,'2014-10-24 17:20:19'),(682,1,1,1,1,1,1,475,'2014-10-24 17:20:20'),(683,1,1,1,1,1,1,474,'2014-10-24 17:20:20'),(684,1,1,1,1,1,1,473,'2014-11-24 17:20:21'),(685,1,1,1,1,1,1,472,'2014-11-24 17:20:21'),(686,1,1,1,1,1,1,471,'2014-11-24 17:20:21'),(687,1,1,1,1,1,1,471,'2014-11-24 17:20:22'),(688,1,1,1,1,1,1,470,'2014-11-24 17:20:22'),(689,1,1,1,1,1,1,469,'2014-11-24 17:20:40'),(690,1,1,1,1,1,1,468,'2014-11-24 17:21:45'),(691,1,1,1,1,1,1,467,'2014-11-24 17:22:02'),(692,1,1,1,1,1,1,466,'2014-11-24 17:34:30'),(693,1,1,1,1,1,1,465,'2014-11-24 17:35:02'),(694,2,1,2,10,2,20,500,'2014-09-21 17:37:38'),(695,2,1,2,5,2,10,490,'2014-09-21 17:38:03'),(696,2,1,2,5,2,10,490,'2014-09-21 17:38:03'),(697,2,1,2,5,2,10,490,'2014-09-21 17:38:03'),(698,2,1,2,5,2,10,490,'2014-09-21 17:38:03'),(699,2,1,2,5,2,10,490,'2014-10-24 17:20:19'),(700,2,1,2,5,2,10,490,'2014-10-24 17:20:19'),(701,2,1,2,5,2,10,490,'2014-10-24 17:20:19'),(702,2,1,2,5,2,10,490,'2014-10-24 17:20:19'),(703,2,1,2,5,2,10,490,'2014-11-24 17:20:21'),(704,2,1,2,5,2,10,490,'2014-11-24 17:20:21'),(705,2,1,2,5,2,10,490,'2014-11-24 17:20:21'),(706,2,1,2,5,2,10,490,'2014-11-24 17:20:21'),(707,2,1,2,5,2,10,490,'2014-11-24 17:20:21'),(708,3,1,2,10,3,20,500,'2014-09-21 17:37:38'),(709,3,1,2,10,3,20,500,'2014-09-21 17:37:38'),(710,3,1,2,10,3,20,500,'2014-09-21 17:37:38'),(711,3,1,2,10,3,20,500,'2014-09-21 17:37:38'),(712,3,1,2,10,3,20,500,'2014-09-21 17:37:38'),(713,3,1,2,10,3,20,500,'2014-09-21 17:37:38'),(714,3,1,2,10,3,20,500,'2014-10-24 17:20:19'),(715,3,1,2,10,3,20,500,'2014-10-24 17:20:19'),(716,3,1,2,10,3,20,500,'2014-10-24 17:20:19'),(717,3,1,2,10,3,20,500,'2014-10-24 17:20:19'),(718,3,1,2,10,3,20,500,'2014-10-24 17:20:19'),(719,3,1,2,10,3,20,500,'2014-10-24 17:20:19'),(720,3,1,2,10,3,20,500,'2014-11-24 17:20:21'),(721,3,1,2,10,3,20,500,'2014-11-24 17:20:21'),(722,3,1,2,10,3,20,500,'2014-11-24 17:20:21'),(723,3,1,2,10,3,20,500,'2014-11-24 17:20:21'),(724,3,1,2,10,3,20,500,'2014-11-24 17:20:21'),(725,3,1,2,10,3,20,500,'2014-11-24 17:20:21'),(726,3,1,2,10,3,20,500,'2014-11-24 17:20:21'),(727,3,1,2,10,3,20,500,'2014-11-24 17:20:21'),(728,4,1,2,10,4,20,500,'2014-09-21 17:37:38'),(729,4,1,2,10,4,20,500,'2014-09-21 17:37:38'),(730,4,1,2,10,4,20,500,'2014-09-21 17:37:38'),(731,4,1,2,10,4,20,500,'2014-09-21 17:37:38'),(732,4,1,2,10,4,20,500,'2014-09-21 17:37:38'),(733,4,1,2,10,4,20,500,'2014-09-21 17:37:38'),(734,4,1,2,10,4,20,500,'2014-10-21 17:37:38'),(735,4,1,2,10,4,20,500,'2014-10-21 17:37:38'),(736,4,1,2,10,4,20,500,'2014-10-21 17:37:38'),(737,4,1,2,10,4,20,500,'2014-10-21 17:37:38'),(738,4,1,2,10,4,20,500,'2014-10-21 17:37:38'),(739,4,1,2,10,4,20,500,'2014-11-21 17:37:38'),(740,4,1,2,10,4,20,500,'2014-11-21 17:37:38'),(741,4,1,2,10,4,20,500,'2014-11-21 17:37:38'),(742,4,1,2,10,4,20,500,'2014-11-21 17:37:38'),(743,4,1,2,10,4,20,500,'2014-11-21 17:37:38'),(744,4,1,2,10,4,20,500,'2014-11-21 17:37:38'),(745,4,1,2,10,4,20,500,'2014-11-21 17:37:38'),(746,4,1,2,10,4,20,500,'2014-11-21 17:37:38'),(747,4,1,2,10,4,20,500,'2014-11-21 17:37:38'),(748,1,1,1,10,1,10,555,'2015-01-20 13:17:15'),(968,1,1,2,15,1,30,240,'2015-07-21 17:37:38'),(969,1,1,2,30,1,60,480,'2015-07-21 17:38:03'),(970,1,1,1,1,1,1,479,'2015-07-24 17:20:11'),(971,1,1,1,1,1,1,478,'2015-07-24 17:20:17'),(972,1,1,1,1,1,1,477,'2015-08-24 17:20:19'),(973,1,1,1,1,1,1,476,'2015-08-24 17:20:19'),(974,1,1,1,1,1,1,475,'2015-08-24 17:20:20'),(975,1,1,1,1,1,1,474,'2015-08-24 17:20:20'),(976,1,1,1,1,1,1,473,'2015-09-24 17:20:21'),(977,1,1,1,1,1,1,472,'2015-09-24 17:20:21'),(978,1,1,1,1,1,1,471,'2015-09-24 17:20:21'),(979,1,1,1,1,1,1,471,'2015-09-24 17:20:22'),(980,1,1,1,1,1,1,470,'2015-09-24 17:20:22'),(981,1,1,1,1,1,1,469,'2015-09-24 17:20:40'),(982,1,1,1,1,1,1,468,'2015-09-24 17:21:45'),(983,1,1,1,1,1,1,467,'2015-09-24 17:22:02'),(984,1,1,1,1,1,1,466,'2015-09-24 17:34:30'),(985,1,1,1,1,1,1,465,'2015-09-24 17:35:02'),(986,2,1,2,10,2,20,500,'2015-07-21 17:37:38'),(987,2,1,2,5,2,10,490,'2015-07-21 17:38:03'),(988,2,1,2,5,2,10,490,'2015-07-21 17:38:03'),(989,2,1,2,5,2,10,490,'2015-07-21 17:38:03'),(990,2,1,2,5,2,10,490,'2015-07-21 17:38:03'),(991,2,1,2,5,2,10,490,'2015-08-24 17:20:19'),(992,2,1,2,5,2,10,490,'2015-08-24 17:20:19'),(993,2,1,2,5,2,10,490,'2015-08-24 17:20:19'),(994,2,1,2,5,2,10,490,'2015-08-24 17:20:19'),(995,2,1,2,5,2,10,490,'2015-09-24 17:20:21'),(996,2,1,2,5,2,10,490,'2015-09-24 17:20:21'),(997,2,1,2,5,2,10,490,'2015-09-24 17:20:21'),(998,2,1,2,5,2,10,490,'2015-09-24 17:20:21'),(999,2,1,2,5,2,10,490,'2015-09-24 17:20:21'),(1000,3,1,2,10,3,20,500,'2015-07-21 17:37:38'),(1001,3,1,2,10,3,20,500,'2015-07-21 17:37:38'),(1002,3,1,2,10,3,20,500,'2015-07-21 17:37:38'),(1003,3,1,2,10,3,20,500,'2015-07-21 17:37:38'),(1004,3,1,2,10,3,20,500,'2015-07-21 17:37:38'),(1005,3,1,2,10,3,20,500,'2015-07-21 17:37:38'),(1006,3,1,2,10,3,20,500,'2015-08-24 17:20:19'),(1007,3,1,2,10,3,20,500,'2015-08-24 17:20:19'),(1008,3,1,2,10,3,20,500,'2015-08-24 17:20:19'),(1009,3,1,2,10,3,20,500,'2015-08-24 17:20:19'),(1010,3,1,2,10,3,20,500,'2015-08-24 17:20:19'),(1011,3,1,2,10,3,20,500,'2015-08-24 17:20:19'),(1012,3,1,2,10,3,20,500,'2015-09-24 17:20:21'),(1013,3,1,2,10,3,20,500,'2015-09-24 17:20:21'),(1014,3,1,2,10,3,20,500,'2015-09-24 17:20:21'),(1015,3,1,2,10,3,20,500,'2015-09-24 17:20:21'),(1016,3,1,2,10,3,20,500,'2015-09-24 17:20:21'),(1017,3,1,2,10,3,20,500,'2015-09-24 17:20:21'),(1018,3,1,2,10,3,20,500,'2015-09-24 17:20:21'),(1019,3,1,2,10,3,20,500,'2015-09-24 17:20:21'),(1020,4,1,2,10,4,20,500,'2015-07-21 17:37:38'),(1021,4,1,2,10,4,20,500,'2015-07-21 17:37:38'),(1022,4,1,2,10,4,20,500,'2015-07-21 17:37:38'),(1023,4,1,2,10,4,20,500,'2015-07-21 17:37:38'),(1024,4,1,2,10,4,20,500,'2015-07-21 17:37:38'),(1025,4,1,2,10,4,20,500,'2015-07-21 17:37:38'),(1026,4,1,2,10,4,20,500,'2015-08-21 17:37:38'),(1027,4,1,2,10,4,20,500,'2015-08-21 17:37:38'),(1028,4,1,2,10,4,20,500,'2015-08-21 17:37:38'),(1029,4,1,2,10,4,20,500,'2015-08-21 17:37:38'),(1030,4,1,2,10,4,20,500,'2015-08-21 17:37:38'),(1031,4,1,2,10,4,20,500,'2015-09-21 17:37:38'),(1032,4,1,2,10,4,20,500,'2015-09-21 17:37:38'),(1033,4,1,2,10,4,20,500,'2015-09-21 17:37:38'),(1034,4,1,2,10,4,20,500,'2015-09-21 17:37:38'),(1035,4,1,2,10,4,20,500,'2015-09-21 17:37:38'),(1036,4,1,2,10,4,20,500,'2015-09-21 17:37:38'),(1037,4,1,2,10,4,20,500,'2015-09-21 17:37:38'),(1038,4,1,2,10,4,20,500,'2015-09-21 17:37:38'),(1039,4,1,2,10,4,20,500,'2015-09-21 17:37:38'),(1040,1,1,1,10,1,10,555,'2015-11-20 13:17:15'),(1041,1,1,2,15,1,30,240,'2015-06-21 17:37:38'),(1042,1,1,2,30,1,60,480,'2015-06-21 17:38:03'),(1043,1,1,1,1,1,1,479,'2015-06-24 17:20:11'),(1044,1,1,1,1,1,1,478,'2015-06-24 17:20:17'),(1045,1,1,1,1,1,1,477,'2015-07-24 17:20:19'),(1046,1,1,1,1,1,1,476,'2015-07-24 17:20:19'),(1047,1,1,1,1,1,1,475,'2015-07-24 17:20:20'),(1048,1,1,1,1,1,1,474,'2015-07-24 17:20:20'),(1049,1,1,1,1,1,1,473,'2015-08-24 17:20:21'),(1050,1,1,1,1,1,1,472,'2015-08-24 17:20:21'),(1051,1,1,1,1,1,1,471,'2015-08-24 17:20:21'),(1052,1,1,1,1,1,1,471,'2015-08-24 17:20:22'),(1053,1,1,1,1,1,1,470,'2015-08-24 17:20:22'),(1054,1,1,1,1,1,1,469,'2015-08-24 17:20:40'),(1055,1,1,1,1,1,1,468,'2015-08-24 17:21:45'),(1056,1,1,1,1,1,1,467,'2015-08-24 17:22:02'),(1057,1,1,1,1,1,1,466,'2015-08-24 17:34:30'),(1058,1,1,1,1,1,1,465,'2015-08-24 17:35:02'),(1059,2,1,2,10,2,20,500,'2015-06-21 17:37:38'),(1060,2,1,2,5,2,10,490,'2015-06-21 17:38:03'),(1061,2,1,2,5,2,10,490,'2015-06-21 17:38:03'),(1062,2,1,2,5,2,10,490,'2015-06-21 17:38:03'),(1063,2,1,2,5,2,10,490,'2015-06-21 17:38:03'),(1064,2,1,2,5,2,10,490,'2015-07-24 17:20:19'),(1065,2,1,2,5,2,10,490,'2015-07-24 17:20:19'),(1066,2,1,2,5,2,10,490,'2015-07-24 17:20:19'),(1067,2,1,2,5,2,10,490,'2015-07-24 17:20:19'),(1068,2,1,2,5,2,10,490,'2015-08-24 17:20:21'),(1069,2,1,2,5,2,10,490,'2015-08-24 17:20:21'),(1070,2,1,2,5,2,10,490,'2015-08-24 17:20:21'),(1071,2,1,2,5,2,10,490,'2015-08-24 17:20:21'),(1072,2,1,2,5,2,10,490,'2015-08-24 17:20:21'),(1073,3,1,2,10,3,20,500,'2015-06-21 17:37:38'),(1074,3,1,2,10,3,20,500,'2015-06-21 17:37:38'),(1075,3,1,2,10,3,20,500,'2015-06-21 17:37:38'),(1076,3,1,2,10,3,20,500,'2015-06-21 17:37:38'),(1077,3,1,2,10,3,20,500,'2015-06-21 17:37:38'),(1078,3,1,2,10,3,20,500,'2015-06-21 17:37:38'),(1079,3,1,2,10,3,20,500,'2015-07-24 17:20:19'),(1080,3,1,2,10,3,20,500,'2015-07-24 17:20:19'),(1081,3,1,2,10,3,20,500,'2015-07-24 17:20:19'),(1082,3,1,2,10,3,20,500,'2015-07-24 17:20:19'),(1083,3,1,2,10,3,20,500,'2015-07-24 17:20:19'),(1084,3,1,2,10,3,20,500,'2015-07-24 17:20:19'),(1085,3,1,2,10,3,20,500,'2015-08-24 17:20:21'),(1086,3,1,2,10,3,20,500,'2015-08-24 17:20:21'),(1087,3,1,2,10,3,20,500,'2015-08-24 17:20:21'),(1088,3,1,2,10,3,20,500,'2015-08-24 17:20:21'),(1089,3,1,2,10,3,20,500,'2015-08-24 17:20:21'),(1090,3,1,2,10,3,20,500,'2015-08-24 17:20:21'),(1091,3,1,2,10,3,20,500,'2015-08-24 17:20:21'),(1092,3,1,2,10,3,20,500,'2015-08-24 17:20:21'),(1093,4,1,2,10,4,20,500,'2015-06-21 17:37:38'),(1094,4,1,2,10,4,20,500,'2015-06-21 17:37:38'),(1095,4,1,2,10,4,20,500,'2015-06-21 17:37:38'),(1096,4,1,2,10,4,20,500,'2015-06-21 17:37:38'),(1097,4,1,2,10,4,20,500,'2015-06-21 17:37:38'),(1098,4,1,2,10,4,20,500,'2015-06-21 17:37:38'),(1099,4,1,2,10,4,20,500,'2015-07-21 17:37:38'),(1100,4,1,2,10,4,20,500,'2015-07-21 17:37:38'),(1101,4,1,2,10,4,20,500,'2015-07-21 17:37:38'),(1102,4,1,2,10,4,20,500,'2015-07-21 17:37:38'),(1103,4,1,2,10,4,20,500,'2015-07-21 17:37:38'),(1104,4,1,2,10,4,20,500,'2015-08-21 17:37:38'),(1105,4,1,2,10,4,20,500,'2015-08-21 17:37:38'),(1106,4,1,2,10,4,20,500,'2015-08-21 17:37:38'),(1107,4,1,2,10,4,20,500,'2015-08-21 17:37:38'),(1108,4,1,2,10,4,20,500,'2015-08-21 17:37:38'),(1109,4,1,2,10,4,20,500,'2015-08-21 17:37:38'),(1110,4,1,2,10,4,20,500,'2015-08-21 17:37:38'),(1111,4,1,2,10,4,20,500,'2015-08-21 17:37:38'),(1112,4,1,2,10,4,20,500,'2015-08-21 17:37:38'),(1113,1,1,1,10,1,10,555,'2015-10-20 13:17:15'),(1114,1,1,2,15,1,30,240,'2015-03-21 17:37:38'),(1115,1,1,2,30,1,60,480,'2015-03-21 17:38:03'),(1116,1,1,1,1,1,1,479,'2015-03-24 17:20:11'),(1117,1,1,1,1,1,1,478,'2015-03-24 17:20:17'),(1118,1,1,1,1,1,1,477,'2015-04-24 17:20:19'),(1119,1,1,1,1,1,1,476,'2015-04-24 17:20:19'),(1120,1,1,1,1,1,1,475,'2015-04-24 17:20:20'),(1121,1,1,1,1,1,1,474,'2015-04-24 17:20:20'),(1122,1,1,1,1,1,1,473,'2015-05-24 17:20:21'),(1123,1,1,1,1,1,1,472,'2015-05-24 17:20:21'),(1124,1,1,1,1,1,1,471,'2015-05-24 17:20:21'),(1125,1,1,1,1,1,1,471,'2015-05-24 17:20:22'),(1126,1,1,1,1,1,1,470,'2015-05-24 17:20:22'),(1127,1,1,1,1,1,1,469,'2015-05-24 17:20:40'),(1128,1,1,1,1,1,1,468,'2015-05-24 17:21:45'),(1129,1,1,1,1,1,1,467,'2015-05-24 17:22:02'),(1130,1,1,1,1,1,1,466,'2015-05-24 17:34:30'),(1131,1,1,1,1,1,1,465,'2015-05-24 17:35:02'),(1132,2,1,2,10,2,20,500,'2015-03-21 17:37:38'),(1133,2,1,2,5,2,10,490,'2015-03-21 17:38:03'),(1134,2,1,2,5,2,10,490,'2015-03-21 17:38:03'),(1135,2,1,2,5,2,10,490,'2015-03-21 17:38:03'),(1136,2,1,2,5,2,10,490,'2015-03-21 17:38:03'),(1137,2,1,2,5,2,10,490,'2015-04-24 17:20:19'),(1138,2,1,2,5,2,10,490,'2015-04-24 17:20:19'),(1139,2,1,2,5,2,10,490,'2015-04-24 17:20:19'),(1140,2,1,2,5,2,10,490,'2015-04-24 17:20:19'),(1141,2,1,2,5,2,10,490,'2015-05-24 17:20:21'),(1142,2,1,2,5,2,10,490,'2015-05-24 17:20:21'),(1143,2,1,2,5,2,10,490,'2015-05-24 17:20:21'),(1144,2,1,2,5,2,10,490,'2015-05-24 17:20:21'),(1145,2,1,2,5,2,10,490,'2015-05-24 17:20:21'),(1146,3,1,2,10,3,20,500,'2015-03-21 17:37:38'),(1147,3,1,2,10,3,20,500,'2015-03-21 17:37:38'),(1148,3,1,2,10,3,20,500,'2015-03-21 17:37:38'),(1149,3,1,2,10,3,20,500,'2015-03-21 17:37:38'),(1150,3,1,2,10,3,20,500,'2015-03-21 17:37:38'),(1151,3,1,2,10,3,20,500,'2015-03-21 17:37:38'),(1152,3,1,2,10,3,20,500,'2015-04-24 17:20:19'),(1153,3,1,2,10,3,20,500,'2015-04-24 17:20:19'),(1154,3,1,2,10,3,20,500,'2015-04-24 17:20:19'),(1155,3,1,2,10,3,20,500,'2015-04-24 17:20:19'),(1156,3,1,2,10,3,20,500,'2015-04-24 17:20:19'),(1157,3,1,2,10,3,20,500,'2015-04-24 17:20:19'),(1158,3,1,2,10,3,20,500,'2015-05-24 17:20:21'),(1159,3,1,2,10,3,20,500,'2015-05-24 17:20:21'),(1160,3,1,2,10,3,20,500,'2015-05-24 17:20:21'),(1161,3,1,2,10,3,20,500,'2015-05-24 17:20:21'),(1162,3,1,2,10,3,20,500,'2015-05-24 17:20:21'),(1163,3,1,2,10,3,20,500,'2015-05-24 17:20:21'),(1164,3,1,2,10,3,20,500,'2015-05-24 17:20:21'),(1165,3,1,2,10,3,20,500,'2015-05-24 17:20:21'),(1166,4,1,2,10,4,20,500,'2015-03-21 17:37:38'),(1167,4,1,2,10,4,20,500,'2015-03-21 17:37:38'),(1168,4,1,2,10,4,20,500,'2015-03-21 17:37:38'),(1169,4,1,2,10,4,20,500,'2015-03-21 17:37:38'),(1170,4,1,2,10,4,20,500,'2015-03-21 17:37:38'),(1171,4,1,2,10,4,20,500,'2015-03-21 17:37:38'),(1172,4,1,2,10,4,20,500,'2015-04-21 17:37:38'),(1173,4,1,2,10,4,20,500,'2015-04-21 17:37:38'),(1174,4,1,2,10,4,20,500,'2015-04-21 17:37:38'),(1175,4,1,2,10,4,20,500,'2015-04-21 17:37:38'),(1176,4,1,2,10,4,20,500,'2015-04-21 17:37:38'),(1177,4,1,2,10,4,20,500,'2015-05-21 17:37:38'),(1178,4,1,2,10,4,20,500,'2015-05-21 17:37:38'),(1179,4,1,2,10,4,20,500,'2015-05-21 17:37:38'),(1180,4,1,2,10,4,20,500,'2015-05-21 17:37:38'),(1181,4,1,2,10,4,20,500,'2015-05-21 17:37:38'),(1182,4,1,2,10,4,20,500,'2015-05-21 17:37:38'),(1183,4,1,2,10,4,20,500,'2015-05-21 17:37:38'),(1184,4,1,2,10,4,20,500,'2015-05-21 17:37:38'),(1185,4,1,2,10,4,20,500,'2015-05-21 17:37:38'),(1186,1,1,1,10,1,10,555,'2015-07-20 13:17:15'),(1187,1,1,2,15,1,30,240,'2015-02-21 17:37:38'),(1188,1,1,2,30,1,60,480,'2015-02-21 17:38:03'),(1189,1,1,1,1,1,1,479,'2015-02-24 17:20:11'),(1190,1,1,1,1,1,1,478,'2015-02-24 17:20:17'),(1191,1,1,1,1,1,1,477,'2015-03-24 17:20:19'),(1192,1,1,1,1,1,1,476,'2015-03-24 17:20:19'),(1193,1,1,1,1,1,1,475,'2015-03-24 17:20:20'),(1194,1,1,1,1,1,1,474,'2015-03-24 17:20:20'),(1195,1,1,1,1,1,1,473,'2015-04-24 17:20:21'),(1196,1,1,1,1,1,1,472,'2015-04-24 17:20:21'),(1197,1,1,1,1,1,1,471,'2015-04-24 17:20:21'),(1198,1,1,1,1,1,1,471,'2015-04-24 17:20:22'),(1199,1,1,1,1,1,1,470,'2015-04-24 17:20:22'),(1200,1,1,1,1,1,1,469,'2015-04-24 17:20:40'),(1201,1,1,1,1,1,1,468,'2015-04-24 17:21:45'),(1202,1,1,1,1,1,1,467,'2015-04-24 17:22:02'),(1203,1,1,1,1,1,1,466,'2015-04-24 17:34:30'),(1204,1,1,1,1,1,1,465,'2015-04-24 17:35:02'),(1205,2,1,2,10,2,20,500,'2015-02-21 17:37:38'),(1206,2,1,2,5,2,10,490,'2015-02-21 17:38:03'),(1207,2,1,2,5,2,10,490,'2015-02-21 17:38:03'),(1208,2,1,2,5,2,10,490,'2015-02-21 17:38:03'),(1209,2,1,2,5,2,10,490,'2015-02-21 17:38:03'),(1210,2,1,2,5,2,10,490,'2015-03-24 17:20:19'),(1211,2,1,2,5,2,10,490,'2015-03-24 17:20:19'),(1212,2,1,2,5,2,10,490,'2015-03-24 17:20:19'),(1213,2,1,2,5,2,10,490,'2015-03-24 17:20:19'),(1214,2,1,2,5,2,10,490,'2015-04-24 17:20:21'),(1215,2,1,2,5,2,10,490,'2015-04-24 17:20:21'),(1216,2,1,2,5,2,10,490,'2015-04-24 17:20:21'),(1217,2,1,2,5,2,10,490,'2015-04-24 17:20:21'),(1218,2,1,2,5,2,10,490,'2015-04-24 17:20:21'),(1219,3,1,2,10,3,20,500,'2015-02-21 17:37:38'),(1220,3,1,2,10,3,20,500,'2015-02-21 17:37:38'),(1221,3,1,2,10,3,20,500,'2015-02-21 17:37:38'),(1222,3,1,2,10,3,20,500,'2015-02-21 17:37:38'),(1223,3,1,2,10,3,20,500,'2015-02-21 17:37:38'),(1224,3,1,2,10,3,20,500,'2015-02-21 17:37:38'),(1225,3,1,2,10,3,20,500,'2015-03-24 17:20:19'),(1226,3,1,2,10,3,20,500,'2015-03-24 17:20:19'),(1227,3,1,2,10,3,20,500,'2015-03-24 17:20:19'),(1228,3,1,2,10,3,20,500,'2015-03-24 17:20:19'),(1229,3,1,2,10,3,20,500,'2015-03-24 17:20:19'),(1230,3,1,2,10,3,20,500,'2015-03-24 17:20:19'),(1231,3,1,2,10,3,20,500,'2015-04-24 17:20:21'),(1232,3,1,2,10,3,20,500,'2015-04-24 17:20:21'),(1233,3,1,2,10,3,20,500,'2015-04-24 17:20:21'),(1234,3,1,2,10,3,20,500,'2015-04-24 17:20:21'),(1235,3,1,2,10,3,20,500,'2015-04-24 17:20:21'),(1236,3,1,2,10,3,20,500,'2015-04-24 17:20:21'),(1237,3,1,2,10,3,20,500,'2015-04-24 17:20:21'),(1238,3,1,2,10,3,20,500,'2015-04-24 17:20:21'),(1239,4,1,2,10,4,20,500,'2015-02-21 17:37:38'),(1240,4,1,2,10,4,20,500,'2015-02-21 17:37:38'),(1241,4,1,2,10,4,20,500,'2015-02-21 17:37:38'),(1242,4,1,2,10,4,20,500,'2015-02-21 17:37:38'),(1243,4,1,2,10,4,20,500,'2015-02-21 17:37:38'),(1244,4,1,2,10,4,20,500,'2015-02-21 17:37:38'),(1245,4,1,2,10,4,20,500,'2015-03-21 17:37:38'),(1246,4,1,2,10,4,20,500,'2015-03-21 17:37:38'),(1247,4,1,2,10,4,20,500,'2015-03-21 17:37:38'),(1248,4,1,2,10,4,20,500,'2015-03-21 17:37:38'),(1249,4,1,2,10,4,20,500,'2015-03-21 17:37:38'),(1250,4,1,2,10,4,20,500,'2015-04-21 17:37:38'),(1251,4,1,2,10,4,20,500,'2015-04-21 17:37:38'),(1252,4,1,2,10,4,20,500,'2015-04-21 17:37:38'),(1253,4,1,2,10,4,20,500,'2015-04-21 17:37:38'),(1254,4,1,2,10,4,20,500,'2015-04-21 17:37:38'),(1255,4,1,2,10,4,20,500,'2015-04-21 17:37:38'),(1256,4,1,2,10,4,20,500,'2015-04-21 17:37:38'),(1257,4,1,2,10,4,20,500,'2015-04-21 17:37:38'),(1258,4,1,2,10,4,20,500,'2015-04-21 17:37:38'),(1259,1,1,1,10,1,10,555,'2015-06-20 13:17:15'),(1260,1,1,2,15,1,30,240,'2014-11-21 17:37:38'),(1261,1,1,2,30,1,60,480,'2014-11-21 17:38:03'),(1262,1,1,1,1,1,1,479,'2014-11-24 17:20:11'),(1263,1,1,1,1,1,1,478,'2014-11-24 17:20:17'),(1264,1,1,1,1,1,1,477,'2014-12-24 17:20:19'),(1265,1,1,1,1,1,1,476,'2014-12-24 17:20:19'),(1266,1,1,1,1,1,1,475,'2014-12-24 17:20:20'),(1267,1,1,1,1,1,1,474,'2014-12-24 17:20:20'),(1268,1,1,1,1,1,1,473,'2015-01-24 17:20:21'),(1269,1,1,1,1,1,1,472,'2015-01-24 17:20:21'),(1270,1,1,1,1,1,1,471,'2015-01-24 17:20:21'),(1271,1,1,1,1,1,1,471,'2015-01-24 17:20:22'),(1272,1,1,1,1,1,1,470,'2015-01-24 17:20:22'),(1273,1,1,1,1,1,1,469,'2015-01-24 17:20:40'),(1274,1,1,1,1,1,1,468,'2015-01-24 17:21:45'),(1275,1,1,1,1,1,1,467,'2015-01-24 17:22:02'),(1276,1,1,1,1,1,1,466,'2015-01-24 17:34:30'),(1277,1,1,1,1,1,1,465,'2015-01-24 17:35:02'),(1278,2,1,2,10,2,20,500,'2014-11-21 17:37:38'),(1279,2,1,2,5,2,10,490,'2014-11-21 17:38:03'),(1280,2,1,2,5,2,10,490,'2014-11-21 17:38:03'),(1281,2,1,2,5,2,10,490,'2014-11-21 17:38:03'),(1282,2,1,2,5,2,10,490,'2014-11-21 17:38:03'),(1283,2,1,2,5,2,10,490,'2014-12-24 17:20:19'),(1284,2,1,2,5,2,10,490,'2014-12-24 17:20:19'),(1285,2,1,2,5,2,10,490,'2014-12-24 17:20:19'),(1286,2,1,2,5,2,10,490,'2014-12-24 17:20:19'),(1287,2,1,2,5,2,10,490,'2015-01-24 17:20:21'),(1288,2,1,2,5,2,10,490,'2015-01-24 17:20:21'),(1289,2,1,2,5,2,10,490,'2015-01-24 17:20:21'),(1290,2,1,2,5,2,10,490,'2015-01-24 17:20:21'),(1291,2,1,2,5,2,10,490,'2015-01-24 17:20:21'),(1292,3,1,2,10,3,20,500,'2014-11-21 17:37:38'),(1293,3,1,2,10,3,20,500,'2014-11-21 17:37:38'),(1294,3,1,2,10,3,20,500,'2014-11-21 17:37:38'),(1295,3,1,2,10,3,20,500,'2014-11-21 17:37:38'),(1296,3,1,2,10,3,20,500,'2014-11-21 17:37:38'),(1297,3,1,2,10,3,20,500,'2014-11-21 17:37:38'),(1298,3,1,2,10,3,20,500,'2014-12-24 17:20:19'),(1299,3,1,2,10,3,20,500,'2014-12-24 17:20:19'),(1300,3,1,2,10,3,20,500,'2014-12-24 17:20:19'),(1301,3,1,2,10,3,20,500,'2014-12-24 17:20:19'),(1302,3,1,2,10,3,20,500,'2014-12-24 17:20:19'),(1303,3,1,2,10,3,20,500,'2014-12-24 17:20:19'),(1304,3,1,2,10,3,20,500,'2015-01-24 17:20:21'),(1305,3,1,2,10,3,20,500,'2015-01-24 17:20:21'),(1306,3,1,2,10,3,20,500,'2015-01-24 17:20:21'),(1307,3,1,2,10,3,20,500,'2015-01-24 17:20:21'),(1308,3,1,2,10,3,20,500,'2015-01-24 17:20:21'),(1309,3,1,2,10,3,20,500,'2015-01-24 17:20:21'),(1310,3,1,2,10,3,20,500,'2015-01-24 17:20:21'),(1311,3,1,2,10,3,20,500,'2015-01-24 17:20:21'),(1312,4,1,2,10,4,20,500,'2014-11-21 17:37:38'),(1313,4,1,2,10,4,20,500,'2014-11-21 17:37:38'),(1314,4,1,2,10,4,20,500,'2014-11-21 17:37:38'),(1315,4,1,2,10,4,20,500,'2014-11-21 17:37:38'),(1316,4,1,2,10,4,20,500,'2014-11-21 17:37:38'),(1317,4,1,2,10,4,20,500,'2014-11-21 17:37:38'),(1318,4,1,2,10,4,20,500,'2014-12-21 17:37:38'),(1319,4,1,2,10,4,20,500,'2014-12-21 17:37:38'),(1320,4,1,2,10,4,20,500,'2014-12-21 17:37:38'),(1321,4,1,2,10,4,20,500,'2014-12-21 17:37:38'),(1322,4,1,2,10,4,20,500,'2014-12-21 17:37:38'),(1323,4,1,2,10,4,20,500,'2015-01-21 17:37:38'),(1324,4,1,2,10,4,20,500,'2015-01-21 17:37:38'),(1325,4,1,2,10,4,20,500,'2015-01-21 17:37:38'),(1326,4,1,2,10,4,20,500,'2015-01-21 17:37:38'),(1327,4,1,2,10,4,20,500,'2015-01-21 17:37:38'),(1328,4,1,2,10,4,20,500,'2015-01-21 17:37:38'),(1329,4,1,2,10,4,20,500,'2015-01-21 17:37:38'),(1330,4,1,2,10,4,20,500,'2015-01-21 17:37:38'),(1331,4,1,2,10,4,20,500,'2015-01-21 17:37:38'),(1332,1,1,1,10,1,10,555,'2015-03-20 13:17:15'),(1333,1,1,2,15,1,30,240,'2014-10-21 17:37:38'),(1334,1,1,2,30,1,60,480,'2014-10-21 17:38:03'),(1335,1,1,1,1,1,1,479,'2014-10-24 17:20:11'),(1336,1,1,1,1,1,1,478,'2014-10-24 17:20:17'),(1337,1,1,1,1,1,1,477,'2014-11-24 17:20:19'),(1338,1,1,1,1,1,1,476,'2014-11-24 17:20:19'),(1339,1,1,1,1,1,1,475,'2014-11-24 17:20:20'),(1340,1,1,1,1,1,1,474,'2014-11-24 17:20:20'),(1341,1,1,1,1,1,1,473,'2014-12-24 17:20:21'),(1342,1,1,1,1,1,1,472,'2014-12-24 17:20:21'),(1343,1,1,1,1,1,1,471,'2014-12-24 17:20:21'),(1344,1,1,1,1,1,1,471,'2014-12-24 17:20:22'),(1345,1,1,1,1,1,1,470,'2014-12-24 17:20:22'),(1346,1,1,1,1,1,1,469,'2014-12-24 17:20:40'),(1347,1,1,1,1,1,1,468,'2014-12-24 17:21:45'),(1348,1,1,1,1,1,1,467,'2014-12-24 17:22:02'),(1349,1,1,1,1,1,1,466,'2014-12-24 17:34:30'),(1350,1,1,1,1,1,1,465,'2014-12-24 17:35:02'),(1351,2,1,2,10,2,20,500,'2014-10-21 17:37:38'),(1352,2,1,2,5,2,10,490,'2014-10-21 17:38:03'),(1353,2,1,2,5,2,10,490,'2014-10-21 17:38:03'),(1354,2,1,2,5,2,10,490,'2014-10-21 17:38:03'),(1355,2,1,2,5,2,10,490,'2014-10-21 17:38:03'),(1356,2,1,2,5,2,10,490,'2014-11-24 17:20:19'),(1357,2,1,2,5,2,10,490,'2014-11-24 17:20:19'),(1358,2,1,2,5,2,10,490,'2014-11-24 17:20:19'),(1359,2,1,2,5,2,10,490,'2014-11-24 17:20:19'),(1360,2,1,2,5,2,10,490,'2014-12-24 17:20:21'),(1361,2,1,2,5,2,10,490,'2014-12-24 17:20:21'),(1362,2,1,2,5,2,10,490,'2014-12-24 17:20:21'),(1363,2,1,2,5,2,10,490,'2014-12-24 17:20:21'),(1364,2,1,2,5,2,10,490,'2014-12-24 17:20:21'),(1365,3,1,2,10,3,20,500,'2014-10-21 17:37:38'),(1366,3,1,2,10,3,20,500,'2014-10-21 17:37:38'),(1367,3,1,2,10,3,20,500,'2014-10-21 17:37:38'),(1368,3,1,2,10,3,20,500,'2014-10-21 17:37:38'),(1369,3,1,2,10,3,20,500,'2014-10-21 17:37:38'),(1370,3,1,2,10,3,20,500,'2014-10-21 17:37:38'),(1371,3,1,2,10,3,20,500,'2014-11-24 17:20:19'),(1372,3,1,2,10,3,20,500,'2014-11-24 17:20:19'),(1373,3,1,2,10,3,20,500,'2014-11-24 17:20:19'),(1374,3,1,2,10,3,20,500,'2014-11-24 17:20:19'),(1375,3,1,2,10,3,20,500,'2014-11-24 17:20:19'),(1376,3,1,2,10,3,20,500,'2014-11-24 17:20:19'),(1377,3,1,2,10,3,20,500,'2014-12-24 17:20:21'),(1378,3,1,2,10,3,20,500,'2014-12-24 17:20:21'),(1379,3,1,2,10,3,20,500,'2014-12-24 17:20:21'),(1380,3,1,2,10,3,20,500,'2014-12-24 17:20:21'),(1381,3,1,2,10,3,20,500,'2014-12-24 17:20:21'),(1382,3,1,2,10,3,20,500,'2014-12-24 17:20:21'),(1383,3,1,2,10,3,20,500,'2014-12-24 17:20:21'),(1384,3,1,2,10,3,20,500,'2014-12-24 17:20:21'),(1385,4,1,2,10,4,20,500,'2014-10-21 17:37:38'),(1386,4,1,2,10,4,20,500,'2014-10-21 17:37:38'),(1387,4,1,2,10,4,20,500,'2014-10-21 17:37:38'),(1388,4,1,2,10,4,20,500,'2014-10-21 17:37:38'),(1389,4,1,2,10,4,20,500,'2014-10-21 17:37:38'),(1390,4,1,2,10,4,20,500,'2014-10-21 17:37:38'),(1391,4,1,2,10,4,20,500,'2014-11-21 17:37:38'),(1392,4,1,2,10,4,20,500,'2014-11-21 17:37:38'),(1393,4,1,2,10,4,20,500,'2014-11-21 17:37:38'),(1394,4,1,2,10,4,20,500,'2014-11-21 17:37:38'),(1395,4,1,2,10,4,20,500,'2014-11-21 17:37:38'),(1396,4,1,2,10,4,20,500,'2014-12-21 17:37:38'),(1397,4,1,2,10,4,20,500,'2014-12-21 17:37:38'),(1398,4,1,2,10,4,20,500,'2014-12-21 17:37:38'),(1399,4,1,2,10,4,20,500,'2014-12-21 17:37:38'),(1400,4,1,2,10,4,20,500,'2014-12-21 17:37:38'),(1401,4,1,2,10,4,20,500,'2014-12-21 17:37:38'),(1402,4,1,2,10,4,20,500,'2014-12-21 17:37:38'),(1403,4,1,2,10,4,20,500,'2014-12-21 17:37:38'),(1404,4,1,2,10,4,20,500,'2014-12-21 17:37:38'),(1405,1,1,1,10,1,10,555,'2015-02-20 13:17:15'),(1406,1,1,2,15,1,30,240,'2014-07-21 17:37:38'),(1407,1,1,2,30,1,60,480,'2014-07-21 17:38:03'),(1408,1,1,1,1,1,1,479,'2014-07-24 17:20:11'),(1409,1,1,1,1,1,1,478,'2014-07-24 17:20:17'),(1410,1,1,1,1,1,1,477,'2014-08-24 17:20:19'),(1411,1,1,1,1,1,1,476,'2014-08-24 17:20:19'),(1412,1,1,1,1,1,1,475,'2014-08-24 17:20:20'),(1413,1,1,1,1,1,1,474,'2014-08-24 17:20:20'),(1414,1,1,1,1,1,1,473,'2014-09-24 17:20:21'),(1415,1,1,1,1,1,1,472,'2014-09-24 17:20:21'),(1416,1,1,1,1,1,1,471,'2014-09-24 17:20:21'),(1417,1,1,1,1,1,1,471,'2014-09-24 17:20:22'),(1418,1,1,1,1,1,1,470,'2014-09-24 17:20:22'),(1419,1,1,1,1,1,1,469,'2014-09-24 17:20:40'),(1420,1,1,1,1,1,1,468,'2014-09-24 17:21:45'),(1421,1,1,1,1,1,1,467,'2014-09-24 17:22:02'),(1422,1,1,1,1,1,1,466,'2014-09-24 17:34:30'),(1423,1,1,1,1,1,1,465,'2014-09-24 17:35:02'),(1424,2,1,2,10,2,20,500,'2014-07-21 17:37:38'),(1425,2,1,2,5,2,10,490,'2014-07-21 17:38:03'),(1426,2,1,2,5,2,10,490,'2014-07-21 17:38:03'),(1427,2,1,2,5,2,10,490,'2014-07-21 17:38:03'),(1428,2,1,2,5,2,10,490,'2014-07-21 17:38:03'),(1429,2,1,2,5,2,10,490,'2014-08-24 17:20:19'),(1430,2,1,2,5,2,10,490,'2014-08-24 17:20:19'),(1431,2,1,2,5,2,10,490,'2014-08-24 17:20:19'),(1432,2,1,2,5,2,10,490,'2014-08-24 17:20:19'),(1433,2,1,2,5,2,10,490,'2014-09-24 17:20:21'),(1434,2,1,2,5,2,10,490,'2014-09-24 17:20:21'),(1435,2,1,2,5,2,10,490,'2014-09-24 17:20:21'),(1436,2,1,2,5,2,10,490,'2014-09-24 17:20:21'),(1437,2,1,2,5,2,10,490,'2014-09-24 17:20:21'),(1438,3,1,2,10,3,20,500,'2014-07-21 17:37:38'),(1439,3,1,2,10,3,20,500,'2014-07-21 17:37:38'),(1440,3,1,2,10,3,20,500,'2014-07-21 17:37:38'),(1441,3,1,2,10,3,20,500,'2014-07-21 17:37:38'),(1442,3,1,2,10,3,20,500,'2014-07-21 17:37:38'),(1443,3,1,2,10,3,20,500,'2014-07-21 17:37:38'),(1444,3,1,2,10,3,20,500,'2014-08-24 17:20:19'),(1445,3,1,2,10,3,20,500,'2014-08-24 17:20:19'),(1446,3,1,2,10,3,20,500,'2014-08-24 17:20:19'),(1447,3,1,2,10,3,20,500,'2014-08-24 17:20:19'),(1448,3,1,2,10,3,20,500,'2014-08-24 17:20:19'),(1449,3,1,2,10,3,20,500,'2014-08-24 17:20:19'),(1450,3,1,2,10,3,20,500,'2014-09-24 17:20:21'),(1451,3,1,2,10,3,20,500,'2014-09-24 17:20:21'),(1452,3,1,2,10,3,20,500,'2014-09-24 17:20:21'),(1453,3,1,2,10,3,20,500,'2014-09-24 17:20:21'),(1454,3,1,2,10,3,20,500,'2014-09-24 17:20:21'),(1455,3,1,2,10,3,20,500,'2014-09-24 17:20:21'),(1456,3,1,2,10,3,20,500,'2014-09-24 17:20:21'),(1457,3,1,2,10,3,20,500,'2014-09-24 17:20:21'),(1458,4,1,2,10,4,20,500,'2014-07-21 17:37:38'),(1459,4,1,2,10,4,20,500,'2014-07-21 17:37:38'),(1460,4,1,2,10,4,20,500,'2014-07-21 17:37:38'),(1461,4,1,2,10,4,20,500,'2014-07-21 17:37:38'),(1462,4,1,2,10,4,20,500,'2014-07-21 17:37:38'),(1463,4,1,2,10,4,20,500,'2014-07-21 17:37:38'),(1464,4,1,2,10,4,20,500,'2014-08-21 17:37:38'),(1465,4,1,2,10,4,20,500,'2014-08-21 17:37:38'),(1466,4,1,2,10,4,20,500,'2014-08-21 17:37:38'),(1467,4,1,2,10,4,20,500,'2014-08-21 17:37:38'),(1468,4,1,2,10,4,20,500,'2014-08-21 17:37:38'),(1469,4,1,2,10,4,20,500,'2014-09-21 17:37:38'),(1470,4,1,2,10,4,20,500,'2014-09-21 17:37:38'),(1471,4,1,2,10,4,20,500,'2014-09-21 17:37:38'),(1472,4,1,2,10,4,20,500,'2014-09-21 17:37:38'),(1473,4,1,2,10,4,20,500,'2014-09-21 17:37:38'),(1474,4,1,2,10,4,20,500,'2014-09-21 17:37:38'),(1475,4,1,2,10,4,20,500,'2014-09-21 17:37:38'),(1476,4,1,2,10,4,20,500,'2014-09-21 17:37:38'),(1477,4,1,2,10,4,20,500,'2014-09-21 17:37:38'),(1478,1,1,1,10,1,10,555,'2014-11-20 13:17:15'),(1479,1,1,2,15,1,30,240,'2014-06-21 17:37:38'),(1480,1,1,2,30,1,60,480,'2014-06-21 17:38:03'),(1481,1,1,1,1,1,1,479,'2014-06-24 17:20:11'),(1482,1,1,1,1,1,1,478,'2014-06-24 17:20:17'),(1483,1,1,1,1,1,1,477,'2014-07-24 17:20:19'),(1484,1,1,1,1,1,1,476,'2014-07-24 17:20:19'),(1485,1,1,1,1,1,1,475,'2014-07-24 17:20:20'),(1486,1,1,1,1,1,1,474,'2014-07-24 17:20:20'),(1487,1,1,1,1,1,1,473,'2014-08-24 17:20:21'),(1488,1,1,1,1,1,1,472,'2014-08-24 17:20:21'),(1489,1,1,1,1,1,1,471,'2014-08-24 17:20:21'),(1490,1,1,1,1,1,1,471,'2014-08-24 17:20:22'),(1491,1,1,1,1,1,1,470,'2014-08-24 17:20:22'),(1492,1,1,1,1,1,1,469,'2014-08-24 17:20:40'),(1493,1,1,1,1,1,1,468,'2014-08-24 17:21:45'),(1494,1,1,1,1,1,1,467,'2014-08-24 17:22:02'),(1495,1,1,1,1,1,1,466,'2014-08-24 17:34:30'),(1496,1,1,1,1,1,1,465,'2014-08-24 17:35:02'),(1497,2,1,2,10,2,20,500,'2014-06-21 17:37:38'),(1498,2,1,2,5,2,10,490,'2014-06-21 17:38:03'),(1499,2,1,2,5,2,10,490,'2014-06-21 17:38:03'),(1500,2,1,2,5,2,10,490,'2014-06-21 17:38:03'),(1501,2,1,2,5,2,10,490,'2014-06-21 17:38:03'),(1502,2,1,2,5,2,10,490,'2014-07-24 17:20:19'),(1503,2,1,2,5,2,10,490,'2014-07-24 17:20:19'),(1504,2,1,2,5,2,10,490,'2014-07-24 17:20:19'),(1505,2,1,2,5,2,10,490,'2014-07-24 17:20:19'),(1506,2,1,2,5,2,10,490,'2014-08-24 17:20:21'),(1507,2,1,2,5,2,10,490,'2014-08-24 17:20:21'),(1508,2,1,2,5,2,10,490,'2014-08-24 17:20:21'),(1509,2,1,2,5,2,10,490,'2014-08-24 17:20:21'),(1510,2,1,2,5,2,10,490,'2014-08-24 17:20:21'),(1511,3,1,2,10,3,20,500,'2014-06-21 17:37:38'),(1512,3,1,2,10,3,20,500,'2014-06-21 17:37:38'),(1513,3,1,2,10,3,20,500,'2014-06-21 17:37:38'),(1514,3,1,2,10,3,20,500,'2014-06-21 17:37:38'),(1515,3,1,2,10,3,20,500,'2014-06-21 17:37:38'),(1516,3,1,2,10,3,20,500,'2014-06-21 17:37:38'),(1517,3,1,2,10,3,20,500,'2014-07-24 17:20:19'),(1518,3,1,2,10,3,20,500,'2014-07-24 17:20:19'),(1519,3,1,2,10,3,20,500,'2014-07-24 17:20:19'),(1520,3,1,2,10,3,20,500,'2014-07-24 17:20:19'),(1521,3,1,2,10,3,20,500,'2014-07-24 17:20:19'),(1522,3,1,2,10,3,20,500,'2014-07-24 17:20:19'),(1523,3,1,2,10,3,20,500,'2014-08-24 17:20:21'),(1524,3,1,2,10,3,20,500,'2014-08-24 17:20:21'),(1525,3,1,2,10,3,20,500,'2014-08-24 17:20:21'),(1526,3,1,2,10,3,20,500,'2014-08-24 17:20:21'),(1527,3,1,2,10,3,20,500,'2014-08-24 17:20:21'),(1528,3,1,2,10,3,20,500,'2014-08-24 17:20:21'),(1529,3,1,2,10,3,20,500,'2014-08-24 17:20:21'),(1530,3,1,2,10,3,20,500,'2014-08-24 17:20:21'),(1531,4,1,2,10,4,20,500,'2014-06-21 17:37:38'),(1532,4,1,2,10,4,20,500,'2014-06-21 17:37:38'),(1533,4,1,2,10,4,20,500,'2014-06-21 17:37:38'),(1534,4,1,2,10,4,20,500,'2014-06-21 17:37:38'),(1535,4,1,2,10,4,20,500,'2014-06-21 17:37:38'),(1536,4,1,2,10,4,20,500,'2014-06-21 17:37:38'),(1537,4,1,2,10,4,20,500,'2014-07-21 17:37:38'),(1538,4,1,2,10,4,20,500,'2014-07-21 17:37:38'),(1539,4,1,2,10,4,20,500,'2014-07-21 17:37:38'),(1540,4,1,2,10,4,20,500,'2014-07-21 17:37:38'),(1541,4,1,2,10,4,20,500,'2014-07-21 17:37:38'),(1542,4,1,2,10,4,20,500,'2014-08-21 17:37:38'),(1543,4,1,2,10,4,20,500,'2014-08-21 17:37:38'),(1544,4,1,2,10,4,20,500,'2014-08-21 17:37:38'),(1545,4,1,2,10,4,20,500,'2014-08-21 17:37:38'),(1546,4,1,2,10,4,20,500,'2014-08-21 17:37:38'),(1547,4,1,2,10,4,20,500,'2014-08-21 17:37:38'),(1548,4,1,2,10,4,20,500,'2014-08-21 17:37:38'),(1549,4,1,2,10,4,20,500,'2014-08-21 17:37:38'),(1550,4,1,2,10,4,20,500,'2014-08-21 17:37:38'),(1551,1,1,1,10,1,10,555,'2014-10-20 13:17:15'),(1991,1,1,2,15,1,30,240,'2015-05-21 17:37:38'),(1992,1,1,2,30,1,60,480,'2015-05-21 17:38:03'),(1993,1,1,1,1,1,1,479,'2015-05-24 17:20:11'),(1994,1,1,1,1,1,1,478,'2015-05-24 17:20:17'),(1995,1,1,1,1,1,1,477,'2015-06-24 17:20:19'),(1996,1,1,1,1,1,1,476,'2015-06-24 17:20:19'),(1997,1,1,1,1,1,1,475,'2015-06-24 17:20:20'),(1998,1,1,1,1,1,1,474,'2015-06-24 17:20:20'),(1999,1,1,1,1,1,1,473,'2015-07-24 17:20:21'),(2000,1,1,1,1,1,1,472,'2015-07-24 17:20:21'),(2001,1,1,1,1,1,1,471,'2015-07-24 17:20:21'),(2002,1,1,1,1,1,1,471,'2015-07-24 17:20:22'),(2003,1,1,1,1,1,1,470,'2015-07-24 17:20:22'),(2004,1,1,1,1,1,1,469,'2015-07-24 17:20:40'),(2005,1,1,1,1,1,1,468,'2015-07-24 17:21:45'),(2006,1,1,1,1,1,1,467,'2015-07-24 17:22:02'),(2007,1,1,1,1,1,1,466,'2015-07-24 17:34:30'),(2008,1,1,1,1,1,1,465,'2015-07-24 17:35:02'),(2009,2,1,2,10,2,20,500,'2015-05-21 17:37:38'),(2010,2,1,2,5,2,10,490,'2015-05-21 17:38:03'),(2011,2,1,2,5,2,10,490,'2015-05-21 17:38:03'),(2012,2,1,2,5,2,10,490,'2015-05-21 17:38:03'),(2013,2,1,2,5,2,10,490,'2015-05-21 17:38:03'),(2014,2,1,2,5,2,10,490,'2015-06-24 17:20:19'),(2015,2,1,2,5,2,10,490,'2015-06-24 17:20:19'),(2016,2,1,2,5,2,10,490,'2015-06-24 17:20:19'),(2017,2,1,2,5,2,10,490,'2015-06-24 17:20:19'),(2018,2,1,2,5,2,10,490,'2015-07-24 17:20:21'),(2019,2,1,2,5,2,10,490,'2015-07-24 17:20:21'),(2020,2,1,2,5,2,10,490,'2015-07-24 17:20:21'),(2021,2,1,2,5,2,10,490,'2015-07-24 17:20:21'),(2022,2,1,2,5,2,10,490,'2015-07-24 17:20:21'),(2023,3,1,2,10,3,20,500,'2015-05-21 17:37:38'),(2024,3,1,2,10,3,20,500,'2015-05-21 17:37:38'),(2025,3,1,2,10,3,20,500,'2015-05-21 17:37:38'),(2026,3,1,2,10,3,20,500,'2015-05-21 17:37:38'),(2027,3,1,2,10,3,20,500,'2015-05-21 17:37:38'),(2028,3,1,2,10,3,20,500,'2015-05-21 17:37:38'),(2029,3,1,2,10,3,20,500,'2015-06-24 17:20:19'),(2030,3,1,2,10,3,20,500,'2015-06-24 17:20:19'),(2031,3,1,2,10,3,20,500,'2015-06-24 17:20:19'),(2032,3,1,2,10,3,20,500,'2015-06-24 17:20:19'),(2033,3,1,2,10,3,20,500,'2015-06-24 17:20:19'),(2034,3,1,2,10,3,20,500,'2015-06-24 17:20:19'),(2035,3,1,2,10,3,20,500,'2015-07-24 17:20:21'),(2036,3,1,2,10,3,20,500,'2015-07-24 17:20:21'),(2037,3,1,2,10,3,20,500,'2015-07-24 17:20:21'),(2038,3,1,2,10,3,20,500,'2015-07-24 17:20:21'),(2039,3,1,2,10,3,20,500,'2015-07-24 17:20:21'),(2040,3,1,2,10,3,20,500,'2015-07-24 17:20:21'),(2041,3,1,2,10,3,20,500,'2015-07-24 17:20:21'),(2042,3,1,2,10,3,20,500,'2015-07-24 17:20:21'),(2043,4,1,2,10,4,20,500,'2015-05-21 17:37:38'),(2044,4,1,2,10,4,20,500,'2015-05-21 17:37:38'),(2045,4,1,2,10,4,20,500,'2015-05-21 17:37:38'),(2046,4,1,2,10,4,20,500,'2015-05-21 17:37:38'),(2047,4,1,2,10,4,20,500,'2015-05-21 17:37:38'),(2048,4,1,2,10,4,20,500,'2015-05-21 17:37:38'),(2049,4,1,2,10,4,20,500,'2015-06-21 17:37:38'),(2050,4,1,2,10,4,20,500,'2015-06-21 17:37:38'),(2051,4,1,2,10,4,20,500,'2015-06-21 17:37:38'),(2052,4,1,2,10,4,20,500,'2015-06-21 17:37:38'),(2053,4,1,2,10,4,20,500,'2015-06-21 17:37:38'),(2054,4,1,2,10,4,20,500,'2015-07-21 17:37:38'),(2055,4,1,2,10,4,20,500,'2015-07-21 17:37:38'),(2056,4,1,2,10,4,20,500,'2015-07-21 17:37:38'),(2057,4,1,2,10,4,20,500,'2015-07-21 17:37:38'),(2058,4,1,2,10,4,20,500,'2015-07-21 17:37:38'),(2059,4,1,2,10,4,20,500,'2015-07-21 17:37:38'),(2060,4,1,2,10,4,20,500,'2015-07-21 17:37:38'),(2061,4,1,2,10,4,20,500,'2015-07-21 17:37:38'),(2062,4,1,2,10,4,20,500,'2015-07-21 17:37:38'),(2063,1,1,1,10,1,10,555,'2015-09-20 13:17:15'),(2064,1,1,2,15,1,30,240,'2015-04-21 17:37:38'),(2065,1,1,2,30,1,60,480,'2015-04-21 17:38:03'),(2066,1,1,1,1,1,1,479,'2015-04-24 17:20:11'),(2067,1,1,1,1,1,1,478,'2015-04-24 17:20:17'),(2068,1,1,1,1,1,1,477,'2015-05-24 17:20:19'),(2069,1,1,1,1,1,1,476,'2015-05-24 17:20:19'),(2070,1,1,1,1,1,1,475,'2015-05-24 17:20:20'),(2071,1,1,1,1,1,1,474,'2015-05-24 17:20:20'),(2072,1,1,1,1,1,1,473,'2015-06-24 17:20:21'),(2073,1,1,1,1,1,1,472,'2015-06-24 17:20:21'),(2074,1,1,1,1,1,1,471,'2015-06-24 17:20:21'),(2075,1,1,1,1,1,1,471,'2015-06-24 17:20:22'),(2076,1,1,1,1,1,1,470,'2015-06-24 17:20:22'),(2077,1,1,1,1,1,1,469,'2015-06-24 17:20:40'),(2078,1,1,1,1,1,1,468,'2015-06-24 17:21:45'),(2079,1,1,1,1,1,1,467,'2015-06-24 17:22:02'),(2080,1,1,1,1,1,1,466,'2015-06-24 17:34:30'),(2081,1,1,1,1,1,1,465,'2015-06-24 17:35:02'),(2082,2,1,2,10,2,20,500,'2015-04-21 17:37:38'),(2083,2,1,2,5,2,10,490,'2015-04-21 17:38:03'),(2084,2,1,2,5,2,10,490,'2015-04-21 17:38:03'),(2085,2,1,2,5,2,10,490,'2015-04-21 17:38:03'),(2086,2,1,2,5,2,10,490,'2015-04-21 17:38:03'),(2087,2,1,2,5,2,10,490,'2015-05-24 17:20:19'),(2088,2,1,2,5,2,10,490,'2015-05-24 17:20:19'),(2089,2,1,2,5,2,10,490,'2015-05-24 17:20:19'),(2090,2,1,2,5,2,10,490,'2015-05-24 17:20:19'),(2091,2,1,2,5,2,10,490,'2015-06-24 17:20:21'),(2092,2,1,2,5,2,10,490,'2015-06-24 17:20:21'),(2093,2,1,2,5,2,10,490,'2015-06-24 17:20:21'),(2094,2,1,2,5,2,10,490,'2015-06-24 17:20:21'),(2095,2,1,2,5,2,10,490,'2015-06-24 17:20:21'),(2096,3,1,2,10,3,20,500,'2015-04-21 17:37:38'),(2097,3,1,2,10,3,20,500,'2015-04-21 17:37:38'),(2098,3,1,2,10,3,20,500,'2015-04-21 17:37:38'),(2099,3,1,2,10,3,20,500,'2015-04-21 17:37:38'),(2100,3,1,2,10,3,20,500,'2015-04-21 17:37:38'),(2101,3,1,2,10,3,20,500,'2015-04-21 17:37:38'),(2102,3,1,2,10,3,20,500,'2015-05-24 17:20:19'),(2103,3,1,2,10,3,20,500,'2015-05-24 17:20:19'),(2104,3,1,2,10,3,20,500,'2015-05-24 17:20:19'),(2105,3,1,2,10,3,20,500,'2015-05-24 17:20:19'),(2106,3,1,2,10,3,20,500,'2015-05-24 17:20:19'),(2107,3,1,2,10,3,20,500,'2015-05-24 17:20:19'),(2108,3,1,2,10,3,20,500,'2015-06-24 17:20:21'),(2109,3,1,2,10,3,20,500,'2015-06-24 17:20:21'),(2110,3,1,2,10,3,20,500,'2015-06-24 17:20:21'),(2111,3,1,2,10,3,20,500,'2015-06-24 17:20:21'),(2112,3,1,2,10,3,20,500,'2015-06-24 17:20:21'),(2113,3,1,2,10,3,20,500,'2015-06-24 17:20:21'),(2114,3,1,2,10,3,20,500,'2015-06-24 17:20:21'),(2115,3,1,2,10,3,20,500,'2015-06-24 17:20:21'),(2116,4,1,2,10,4,20,500,'2015-04-21 17:37:38'),(2117,4,1,2,10,4,20,500,'2015-04-21 17:37:38'),(2118,4,1,2,10,4,20,500,'2015-04-21 17:37:38'),(2119,4,1,2,10,4,20,500,'2015-04-21 17:37:38'),(2120,4,1,2,10,4,20,500,'2015-04-21 17:37:38'),(2121,4,1,2,10,4,20,500,'2015-04-21 17:37:38'),(2122,4,1,2,10,4,20,500,'2015-05-21 17:37:38'),(2123,4,1,2,10,4,20,500,'2015-05-21 17:37:38'),(2124,4,1,2,10,4,20,500,'2015-05-21 17:37:38'),(2125,4,1,2,10,4,20,500,'2015-05-21 17:37:38'),(2126,4,1,2,10,4,20,500,'2015-05-21 17:37:38'),(2127,4,1,2,10,4,20,500,'2015-06-21 17:37:38'),(2128,4,1,2,10,4,20,500,'2015-06-21 17:37:38'),(2129,4,1,2,10,4,20,500,'2015-06-21 17:37:38'),(2130,4,1,2,10,4,20,500,'2015-06-21 17:37:38'),(2131,4,1,2,10,4,20,500,'2015-06-21 17:37:38'),(2132,4,1,2,10,4,20,500,'2015-06-21 17:37:38'),(2133,4,1,2,10,4,20,500,'2015-06-21 17:37:38'),(2134,4,1,2,10,4,20,500,'2015-06-21 17:37:38'),(2135,4,1,2,10,4,20,500,'2015-06-21 17:37:38'),(2136,1,1,1,10,1,10,555,'2015-08-20 13:17:15'),(2137,1,1,2,15,1,30,240,'2015-01-21 17:37:38'),(2138,1,1,2,30,1,60,480,'2015-01-21 17:38:03'),(2139,1,1,1,1,1,1,479,'2015-01-24 17:20:11'),(2140,1,1,1,1,1,1,478,'2015-01-24 17:20:17'),(2141,1,1,1,1,1,1,477,'2015-02-24 17:20:19'),(2142,1,1,1,1,1,1,476,'2015-02-24 17:20:19'),(2143,1,1,1,1,1,1,475,'2015-02-24 17:20:20'),(2144,1,1,1,1,1,1,474,'2015-02-24 17:20:20'),(2145,1,1,1,1,1,1,473,'2015-03-24 17:20:21'),(2146,1,1,1,1,1,1,472,'2015-03-24 17:20:21'),(2147,1,1,1,1,1,1,471,'2015-03-24 17:20:21'),(2148,1,1,1,1,1,1,471,'2015-03-24 17:20:22'),(2149,1,1,1,1,1,1,470,'2015-03-24 17:20:22'),(2150,1,1,1,1,1,1,469,'2015-03-24 17:20:40'),(2151,1,1,1,1,1,1,468,'2015-03-24 17:21:45'),(2152,1,1,1,1,1,1,467,'2015-03-24 17:22:02'),(2153,1,1,1,1,1,1,466,'2015-03-24 17:34:30'),(2154,1,1,1,1,1,1,465,'2015-03-24 17:35:02'),(2155,2,1,2,10,2,20,500,'2015-01-21 17:37:38'),(2156,2,1,2,5,2,10,490,'2015-01-21 17:38:03'),(2157,2,1,2,5,2,10,490,'2015-01-21 17:38:03'),(2158,2,1,2,5,2,10,490,'2015-01-21 17:38:03'),(2159,2,1,2,5,2,10,490,'2015-01-21 17:38:03'),(2160,2,1,2,5,2,10,490,'2015-02-24 17:20:19'),(2161,2,1,2,5,2,10,490,'2015-02-24 17:20:19'),(2162,2,1,2,5,2,10,490,'2015-02-24 17:20:19'),(2163,2,1,2,5,2,10,490,'2015-02-24 17:20:19'),(2164,2,1,2,5,2,10,490,'2015-03-24 17:20:21'),(2165,2,1,2,5,2,10,490,'2015-03-24 17:20:21'),(2166,2,1,2,5,2,10,490,'2015-03-24 17:20:21'),(2167,2,1,2,5,2,10,490,'2015-03-24 17:20:21'),(2168,2,1,2,5,2,10,490,'2015-03-24 17:20:21'),(2169,3,1,2,10,3,20,500,'2015-01-21 17:37:38'),(2170,3,1,2,10,3,20,500,'2015-01-21 17:37:38'),(2171,3,1,2,10,3,20,500,'2015-01-21 17:37:38'),(2172,3,1,2,10,3,20,500,'2015-01-21 17:37:38'),(2173,3,1,2,10,3,20,500,'2015-01-21 17:37:38'),(2174,3,1,2,10,3,20,500,'2015-01-21 17:37:38'),(2175,3,1,2,10,3,20,500,'2015-02-24 17:20:19'),(2176,3,1,2,10,3,20,500,'2015-02-24 17:20:19'),(2177,3,1,2,10,3,20,500,'2015-02-24 17:20:19'),(2178,3,1,2,10,3,20,500,'2015-02-24 17:20:19'),(2179,3,1,2,10,3,20,500,'2015-02-24 17:20:19'),(2180,3,1,2,10,3,20,500,'2015-02-24 17:20:19'),(2181,3,1,2,10,3,20,500,'2015-03-24 17:20:21'),(2182,3,1,2,10,3,20,500,'2015-03-24 17:20:21'),(2183,3,1,2,10,3,20,500,'2015-03-24 17:20:21'),(2184,3,1,2,10,3,20,500,'2015-03-24 17:20:21'),(2185,3,1,2,10,3,20,500,'2015-03-24 17:20:21'),(2186,3,1,2,10,3,20,500,'2015-03-24 17:20:21'),(2187,3,1,2,10,3,20,500,'2015-03-24 17:20:21'),(2188,3,1,2,10,3,20,500,'2015-03-24 17:20:21'),(2189,4,1,2,10,4,20,500,'2015-01-21 17:37:38'),(2190,4,1,2,10,4,20,500,'2015-01-21 17:37:38'),(2191,4,1,2,10,4,20,500,'2015-01-21 17:37:38'),(2192,4,1,2,10,4,20,500,'2015-01-21 17:37:38'),(2193,4,1,2,10,4,20,500,'2015-01-21 17:37:38'),(2194,4,1,2,10,4,20,500,'2015-01-21 17:37:38'),(2195,4,1,2,10,4,20,500,'2015-02-21 17:37:38'),(2196,4,1,2,10,4,20,500,'2015-02-21 17:37:38'),(2197,4,1,2,10,4,20,500,'2015-02-21 17:37:38'),(2198,4,1,2,10,4,20,500,'2015-02-21 17:37:38'),(2199,4,1,2,10,4,20,500,'2015-02-21 17:37:38'),(2200,4,1,2,10,4,20,500,'2015-03-21 17:37:38'),(2201,4,1,2,10,4,20,500,'2015-03-21 17:37:38'),(2202,4,1,2,10,4,20,500,'2015-03-21 17:37:38'),(2203,4,1,2,10,4,20,500,'2015-03-21 17:37:38'),(2204,4,1,2,10,4,20,500,'2015-03-21 17:37:38'),(2205,4,1,2,10,4,20,500,'2015-03-21 17:37:38'),(2206,4,1,2,10,4,20,500,'2015-03-21 17:37:38'),(2207,4,1,2,10,4,20,500,'2015-03-21 17:37:38'),(2208,4,1,2,10,4,20,500,'2015-03-21 17:37:38'),(2209,1,1,1,10,1,10,555,'2015-05-20 13:17:15'),(2210,1,1,2,15,1,30,240,'2014-12-21 17:37:38'),(2211,1,1,2,30,1,60,480,'2014-12-21 17:38:03'),(2212,1,1,1,1,1,1,479,'2014-12-24 17:20:11'),(2213,1,1,1,1,1,1,478,'2014-12-24 17:20:17'),(2214,1,1,1,1,1,1,477,'2015-01-24 17:20:19'),(2215,1,1,1,1,1,1,476,'2015-01-24 17:20:19'),(2216,1,1,1,1,1,1,475,'2015-01-24 17:20:20'),(2217,1,1,1,1,1,1,474,'2015-01-24 17:20:20'),(2218,1,1,1,1,1,1,473,'2015-02-24 17:20:21'),(2219,1,1,1,1,1,1,472,'2015-02-24 17:20:21'),(2220,1,1,1,1,1,1,471,'2015-02-24 17:20:21'),(2221,1,1,1,1,1,1,471,'2015-02-24 17:20:22'),(2222,1,1,1,1,1,1,470,'2015-02-24 17:20:22'),(2223,1,1,1,1,1,1,469,'2015-02-24 17:20:40'),(2224,1,1,1,1,1,1,468,'2015-02-24 17:21:45'),(2225,1,1,1,1,1,1,467,'2015-02-24 17:22:02'),(2226,1,1,1,1,1,1,466,'2015-02-24 17:34:30'),(2227,1,1,1,1,1,1,465,'2015-02-24 17:35:02'),(2228,2,1,2,10,2,20,500,'2014-12-21 17:37:38'),(2229,2,1,2,5,2,10,490,'2014-12-21 17:38:03'),(2230,2,1,2,5,2,10,490,'2014-12-21 17:38:03'),(2231,2,1,2,5,2,10,490,'2014-12-21 17:38:03'),(2232,2,1,2,5,2,10,490,'2014-12-21 17:38:03'),(2233,2,1,2,5,2,10,490,'2015-01-24 17:20:19'),(2234,2,1,2,5,2,10,490,'2015-01-24 17:20:19'),(2235,2,1,2,5,2,10,490,'2015-01-24 17:20:19'),(2236,2,1,2,5,2,10,490,'2015-01-24 17:20:19'),(2237,2,1,2,5,2,10,490,'2015-02-24 17:20:21'),(2238,2,1,2,5,2,10,490,'2015-02-24 17:20:21'),(2239,2,1,2,5,2,10,490,'2015-02-24 17:20:21'),(2240,2,1,2,5,2,10,490,'2015-02-24 17:20:21'),(2241,2,1,2,5,2,10,490,'2015-02-24 17:20:21'),(2242,3,1,2,10,3,20,500,'2014-12-21 17:37:38'),(2243,3,1,2,10,3,20,500,'2014-12-21 17:37:38'),(2244,3,1,2,10,3,20,500,'2014-12-21 17:37:38'),(2245,3,1,2,10,3,20,500,'2014-12-21 17:37:38'),(2246,3,1,2,10,3,20,500,'2014-12-21 17:37:38'),(2247,3,1,2,10,3,20,500,'2014-12-21 17:37:38'),(2248,3,1,2,10,3,20,500,'2015-01-24 17:20:19'),(2249,3,1,2,10,3,20,500,'2015-01-24 17:20:19'),(2250,3,1,2,10,3,20,500,'2015-01-24 17:20:19'),(2251,3,1,2,10,3,20,500,'2015-01-24 17:20:19'),(2252,3,1,2,10,3,20,500,'2015-01-24 17:20:19'),(2253,3,1,2,10,3,20,500,'2015-01-24 17:20:19'),(2254,3,1,2,10,3,20,500,'2015-02-24 17:20:21'),(2255,3,1,2,10,3,20,500,'2015-02-24 17:20:21'),(2256,3,1,2,10,3,20,500,'2015-02-24 17:20:21'),(2257,3,1,2,10,3,20,500,'2015-02-24 17:20:21'),(2258,3,1,2,10,3,20,500,'2015-02-24 17:20:21'),(2259,3,1,2,10,3,20,500,'2015-02-24 17:20:21'),(2260,3,1,2,10,3,20,500,'2015-02-24 17:20:21'),(2261,3,1,2,10,3,20,500,'2015-02-24 17:20:21'),(2262,4,1,2,10,4,20,500,'2014-12-21 17:37:38'),(2263,4,1,2,10,4,20,500,'2014-12-21 17:37:38'),(2264,4,1,2,10,4,20,500,'2014-12-21 17:37:38'),(2265,4,1,2,10,4,20,500,'2014-12-21 17:37:38'),(2266,4,1,2,10,4,20,500,'2014-12-21 17:37:38'),(2267,4,1,2,10,4,20,500,'2014-12-21 17:37:38'),(2268,4,1,2,10,4,20,500,'2015-01-21 17:37:38'),(2269,4,1,2,10,4,20,500,'2015-01-21 17:37:38'),(2270,4,1,2,10,4,20,500,'2015-01-21 17:37:38'),(2271,4,1,2,10,4,20,500,'2015-01-21 17:37:38'),(2272,4,1,2,10,4,20,500,'2015-01-21 17:37:38'),(2273,4,1,2,10,4,20,500,'2015-02-21 17:37:38'),(2274,4,1,2,10,4,20,500,'2015-02-21 17:37:38'),(2275,4,1,2,10,4,20,500,'2015-02-21 17:37:38'),(2276,4,1,2,10,4,20,500,'2015-02-21 17:37:38'),(2277,4,1,2,10,4,20,500,'2015-02-21 17:37:38'),(2278,4,1,2,10,4,20,500,'2015-02-21 17:37:38'),(2279,4,1,2,10,4,20,500,'2015-02-21 17:37:38'),(2280,4,1,2,10,4,20,500,'2015-02-21 17:37:38'),(2281,4,1,2,10,4,20,500,'2015-02-21 17:37:38'),(2282,1,1,1,10,1,10,555,'2015-04-20 13:17:15'),(2283,1,1,2,15,1,30,240,'2014-09-21 17:37:38'),(2284,1,1,2,30,1,60,480,'2014-09-21 17:38:03'),(2285,1,1,1,1,1,1,479,'2014-09-24 17:20:11'),(2286,1,1,1,1,1,1,478,'2014-09-24 17:20:17'),(2287,1,1,1,1,1,1,477,'2014-10-24 17:20:19'),(2288,1,1,1,1,1,1,476,'2014-10-24 17:20:19'),(2289,1,1,1,1,1,1,475,'2014-10-24 17:20:20'),(2290,1,1,1,1,1,1,474,'2014-10-24 17:20:20'),(2291,1,1,1,1,1,1,473,'2014-11-24 17:20:21'),(2292,1,1,1,1,1,1,472,'2014-11-24 17:20:21'),(2293,1,1,1,1,1,1,471,'2014-11-24 17:20:21'),(2294,1,1,1,1,1,1,471,'2014-11-24 17:20:22'),(2295,1,1,1,1,1,1,470,'2014-11-24 17:20:22'),(2296,1,1,1,1,1,1,469,'2014-11-24 17:20:40'),(2297,1,1,1,1,1,1,468,'2014-11-24 17:21:45'),(2298,1,1,1,1,1,1,467,'2014-11-24 17:22:02'),(2299,1,1,1,1,1,1,466,'2014-11-24 17:34:30'),(2300,1,1,1,1,1,1,465,'2014-11-24 17:35:02'),(2301,2,1,2,10,2,20,500,'2014-09-21 17:37:38'),(2302,2,1,2,5,2,10,490,'2014-09-21 17:38:03'),(2303,2,1,2,5,2,10,490,'2014-09-21 17:38:03'),(2304,2,1,2,5,2,10,490,'2014-09-21 17:38:03'),(2305,2,1,2,5,2,10,490,'2014-09-21 17:38:03'),(2306,2,1,2,5,2,10,490,'2014-10-24 17:20:19'),(2307,2,1,2,5,2,10,490,'2014-10-24 17:20:19'),(2308,2,1,2,5,2,10,490,'2014-10-24 17:20:19'),(2309,2,1,2,5,2,10,490,'2014-10-24 17:20:19'),(2310,2,1,2,5,2,10,490,'2014-11-24 17:20:21'),(2311,2,1,2,5,2,10,490,'2014-11-24 17:20:21'),(2312,2,1,2,5,2,10,490,'2014-11-24 17:20:21'),(2313,2,1,2,5,2,10,490,'2014-11-24 17:20:21'),(2314,2,1,2,5,2,10,490,'2014-11-24 17:20:21'),(2315,3,1,2,10,3,20,500,'2014-09-21 17:37:38'),(2316,3,1,2,10,3,20,500,'2014-09-21 17:37:38'),(2317,3,1,2,10,3,20,500,'2014-09-21 17:37:38'),(2318,3,1,2,10,3,20,500,'2014-09-21 17:37:38'),(2319,3,1,2,10,3,20,500,'2014-09-21 17:37:38'),(2320,3,1,2,10,3,20,500,'2014-09-21 17:37:38'),(2321,3,1,2,10,3,20,500,'2014-10-24 17:20:19'),(2322,3,1,2,10,3,20,500,'2014-10-24 17:20:19'),(2323,3,1,2,10,3,20,500,'2014-10-24 17:20:19'),(2324,3,1,2,10,3,20,500,'2014-10-24 17:20:19'),(2325,3,1,2,10,3,20,500,'2014-10-24 17:20:19'),(2326,3,1,2,10,3,20,500,'2014-10-24 17:20:19'),(2327,3,1,2,10,3,20,500,'2014-11-24 17:20:21'),(2328,3,1,2,10,3,20,500,'2014-11-24 17:20:21'),(2329,3,1,2,10,3,20,500,'2014-11-24 17:20:21'),(2330,3,1,2,10,3,20,500,'2014-11-24 17:20:21'),(2331,3,1,2,10,3,20,500,'2014-11-24 17:20:21'),(2332,3,1,2,10,3,20,500,'2014-11-24 17:20:21'),(2333,3,1,2,10,3,20,500,'2014-11-24 17:20:21'),(2334,3,1,2,10,3,20,500,'2014-11-24 17:20:21'),(2335,4,1,2,10,4,20,500,'2014-09-21 17:37:38'),(2336,4,1,2,10,4,20,500,'2014-09-21 17:37:38'),(2337,4,1,2,10,4,20,500,'2014-09-21 17:37:38'),(2338,4,1,2,10,4,20,500,'2014-09-21 17:37:38'),(2339,4,1,2,10,4,20,500,'2014-09-21 17:37:38'),(2340,4,1,2,10,4,20,500,'2014-09-21 17:37:38'),(2341,4,1,2,10,4,20,500,'2014-10-21 17:37:38'),(2342,4,1,2,10,4,20,500,'2014-10-21 17:37:38'),(2343,4,1,2,10,4,20,500,'2014-10-21 17:37:38'),(2344,4,1,2,10,4,20,500,'2014-10-21 17:37:38'),(2345,4,1,2,10,4,20,500,'2014-10-21 17:37:38'),(2346,4,1,2,10,4,20,500,'2014-11-21 17:37:38'),(2347,4,1,2,10,4,20,500,'2014-11-21 17:37:38'),(2348,4,1,2,10,4,20,500,'2014-11-21 17:37:38'),(2349,4,1,2,10,4,20,500,'2014-11-21 17:37:38'),(2350,4,1,2,10,4,20,500,'2014-11-21 17:37:38'),(2351,4,1,2,10,4,20,500,'2014-11-21 17:37:38'),(2352,4,1,2,10,4,20,500,'2014-11-21 17:37:38'),(2353,4,1,2,10,4,20,500,'2014-11-21 17:37:38'),(2354,4,1,2,10,4,20,500,'2014-11-21 17:37:38'),(2355,1,1,1,10,1,10,555,'2015-01-20 13:17:15'),(2356,1,1,2,15,1,30,240,'2014-08-21 17:37:38'),(2357,1,1,2,30,1,60,480,'2014-08-21 17:38:03'),(2358,1,1,1,1,1,1,479,'2014-08-24 17:20:11'),(2359,1,1,1,1,1,1,478,'2014-08-24 17:20:17'),(2360,1,1,1,1,1,1,477,'2014-09-24 17:20:19'),(2361,1,1,1,1,1,1,476,'2014-09-24 17:20:19'),(2362,1,1,1,1,1,1,475,'2014-09-24 17:20:20'),(2363,1,1,1,1,1,1,474,'2014-09-24 17:20:20'),(2364,1,1,1,1,1,1,473,'2014-10-24 17:20:21'),(2365,1,1,1,1,1,1,472,'2014-10-24 17:20:21'),(2366,1,1,1,1,1,1,471,'2014-10-24 17:20:21'),(2367,1,1,1,1,1,1,471,'2014-10-24 17:20:22'),(2368,1,1,1,1,1,1,470,'2014-10-24 17:20:22'),(2369,1,1,1,1,1,1,469,'2014-10-24 17:20:40'),(2370,1,1,1,1,1,1,468,'2014-10-24 17:21:45'),(2371,1,1,1,1,1,1,467,'2014-10-24 17:22:02'),(2372,1,1,1,1,1,1,466,'2014-10-24 17:34:30'),(2373,1,1,1,1,1,1,465,'2014-10-24 17:35:02'),(2374,2,1,2,10,2,20,500,'2014-08-21 17:37:38'),(2375,2,1,2,5,2,10,490,'2014-08-21 17:38:03'),(2376,2,1,2,5,2,10,490,'2014-08-21 17:38:03'),(2377,2,1,2,5,2,10,490,'2014-08-21 17:38:03'),(2378,2,1,2,5,2,10,490,'2014-08-21 17:38:03'),(2379,2,1,2,5,2,10,490,'2014-09-24 17:20:19'),(2380,2,1,2,5,2,10,490,'2014-09-24 17:20:19'),(2381,2,1,2,5,2,10,490,'2014-09-24 17:20:19'),(2382,2,1,2,5,2,10,490,'2014-09-24 17:20:19'),(2383,2,1,2,5,2,10,490,'2014-10-24 17:20:21'),(2384,2,1,2,5,2,10,490,'2014-10-24 17:20:21'),(2385,2,1,2,5,2,10,490,'2014-10-24 17:20:21'),(2386,2,1,2,5,2,10,490,'2014-10-24 17:20:21'),(2387,2,1,2,5,2,10,490,'2014-10-24 17:20:21'),(2388,3,1,2,10,3,20,500,'2014-08-21 17:37:38'),(2389,3,1,2,10,3,20,500,'2014-08-21 17:37:38'),(2390,3,1,2,10,3,20,500,'2014-08-21 17:37:38'),(2391,3,1,2,10,3,20,500,'2014-08-21 17:37:38'),(2392,3,1,2,10,3,20,500,'2014-08-21 17:37:38'),(2393,3,1,2,10,3,20,500,'2014-08-21 17:37:38'),(2394,3,1,2,10,3,20,500,'2014-09-24 17:20:19'),(2395,3,1,2,10,3,20,500,'2014-09-24 17:20:19'),(2396,3,1,2,10,3,20,500,'2014-09-24 17:20:19'),(2397,3,1,2,10,3,20,500,'2014-09-24 17:20:19'),(2398,3,1,2,10,3,20,500,'2014-09-24 17:20:19'),(2399,3,1,2,10,3,20,500,'2014-09-24 17:20:19'),(2400,3,1,2,10,3,20,500,'2014-10-24 17:20:21'),(2401,3,1,2,10,3,20,500,'2014-10-24 17:20:21'),(2402,3,1,2,10,3,20,500,'2014-10-24 17:20:21'),(2403,3,1,2,10,3,20,500,'2014-10-24 17:20:21'),(2404,3,1,2,10,3,20,500,'2014-10-24 17:20:21'),(2405,3,1,2,10,3,20,500,'2014-10-24 17:20:21'),(2406,3,1,2,10,3,20,500,'2014-10-24 17:20:21'),(2407,3,1,2,10,3,20,500,'2014-10-24 17:20:21'),(2408,4,1,2,10,4,20,500,'2014-08-21 17:37:38'),(2409,4,1,2,10,4,20,500,'2014-08-21 17:37:38'),(2410,4,1,2,10,4,20,500,'2014-08-21 17:37:38'),(2411,4,1,2,10,4,20,500,'2014-08-21 17:37:38'),(2412,4,1,2,10,4,20,500,'2014-08-21 17:37:38'),(2413,4,1,2,10,4,20,500,'2014-08-21 17:37:38'),(2414,4,1,2,10,4,20,500,'2014-09-21 17:37:38'),(2415,4,1,2,10,4,20,500,'2014-09-21 17:37:38'),(2416,4,1,2,10,4,20,500,'2014-09-21 17:37:38'),(2417,4,1,2,10,4,20,500,'2014-09-21 17:37:38'),(2418,4,1,2,10,4,20,500,'2014-09-21 17:37:38'),(2419,4,1,2,10,4,20,500,'2014-10-21 17:37:38'),(2420,4,1,2,10,4,20,500,'2014-10-21 17:37:38'),(2421,4,1,2,10,4,20,500,'2014-10-21 17:37:38'),(2422,4,1,2,10,4,20,500,'2014-10-21 17:37:38'),(2423,4,1,2,10,4,20,500,'2014-10-21 17:37:38'),(2424,4,1,2,10,4,20,500,'2014-10-21 17:37:38'),(2425,4,1,2,10,4,20,500,'2014-10-21 17:37:38'),(2426,4,1,2,10,4,20,500,'2014-10-21 17:37:38'),(2427,4,1,2,10,4,20,500,'2014-10-21 17:37:38'),(2428,1,1,1,10,1,10,555,'2014-12-20 13:17:15'),(2429,1,1,2,15,1,30,240,'2014-05-21 17:37:38'),(2430,1,1,2,30,1,60,480,'2014-05-21 17:38:03'),(2431,1,1,1,1,1,1,479,'2014-05-24 17:20:11'),(2432,1,1,1,1,1,1,478,'2014-05-24 17:20:17'),(2433,1,1,1,1,1,1,477,'2014-06-24 17:20:19'),(2434,1,1,1,1,1,1,476,'2014-06-24 17:20:19'),(2435,1,1,1,1,1,1,475,'2014-06-24 17:20:20'),(2436,1,1,1,1,1,1,474,'2014-06-24 17:20:20'),(2437,1,1,1,1,1,1,473,'2014-07-24 17:20:21'),(2438,1,1,1,1,1,1,472,'2014-07-24 17:20:21'),(2439,1,1,1,1,1,1,471,'2014-07-24 17:20:21'),(2440,1,1,1,1,1,1,471,'2014-07-24 17:20:22'),(2441,1,1,1,1,1,1,470,'2014-07-24 17:20:22'),(2442,1,1,1,1,1,1,469,'2014-07-24 17:20:40'),(2443,1,1,1,1,1,1,468,'2014-07-24 17:21:45'),(2444,1,1,1,1,1,1,467,'2014-07-24 17:22:02'),(2445,1,1,1,1,1,1,466,'2014-07-24 17:34:30'),(2446,1,1,1,1,1,1,465,'2014-07-24 17:35:02'),(2447,2,1,2,10,2,20,500,'2014-05-21 17:37:38'),(2448,2,1,2,5,2,10,490,'2014-05-21 17:38:03'),(2449,2,1,2,5,2,10,490,'2014-05-21 17:38:03'),(2450,2,1,2,5,2,10,490,'2014-05-21 17:38:03'),(2451,2,1,2,5,2,10,490,'2014-05-21 17:38:03'),(2452,2,1,2,5,2,10,490,'2014-06-24 17:20:19'),(2453,2,1,2,5,2,10,490,'2014-06-24 17:20:19'),(2454,2,1,2,5,2,10,490,'2014-06-24 17:20:19'),(2455,2,1,2,5,2,10,490,'2014-06-24 17:20:19'),(2456,2,1,2,5,2,10,490,'2014-07-24 17:20:21'),(2457,2,1,2,5,2,10,490,'2014-07-24 17:20:21'),(2458,2,1,2,5,2,10,490,'2014-07-24 17:20:21'),(2459,2,1,2,5,2,10,490,'2014-07-24 17:20:21'),(2460,2,1,2,5,2,10,490,'2014-07-24 17:20:21'),(2461,3,1,2,10,3,20,500,'2014-05-21 17:37:38'),(2462,3,1,2,10,3,20,500,'2014-05-21 17:37:38'),(2463,3,1,2,10,3,20,500,'2014-05-21 17:37:38'),(2464,3,1,2,10,3,20,500,'2014-05-21 17:37:38'),(2465,3,1,2,10,3,20,500,'2014-05-21 17:37:38'),(2466,3,1,2,10,3,20,500,'2014-05-21 17:37:38'),(2467,3,1,2,10,3,20,500,'2014-06-24 17:20:19'),(2468,3,1,2,10,3,20,500,'2014-06-24 17:20:19'),(2469,3,1,2,10,3,20,500,'2014-06-24 17:20:19'),(2470,3,1,2,10,3,20,500,'2014-06-24 17:20:19'),(2471,3,1,2,10,3,20,500,'2014-06-24 17:20:19'),(2472,3,1,2,10,3,20,500,'2014-06-24 17:20:19'),(2473,3,1,2,10,3,20,500,'2014-07-24 17:20:21'),(2474,3,1,2,10,3,20,500,'2014-07-24 17:20:21'),(2475,3,1,2,10,3,20,500,'2014-07-24 17:20:21'),(2476,3,1,2,10,3,20,500,'2014-07-24 17:20:21'),(2477,3,1,2,10,3,20,500,'2014-07-24 17:20:21'),(2478,3,1,2,10,3,20,500,'2014-07-24 17:20:21'),(2479,3,1,2,10,3,20,500,'2014-07-24 17:20:21'),(2480,3,1,2,10,3,20,500,'2014-07-24 17:20:21'),(2481,4,1,2,10,4,20,500,'2014-05-21 17:37:38'),(2482,4,1,2,10,4,20,500,'2014-05-21 17:37:38'),(2483,4,1,2,10,4,20,500,'2014-05-21 17:37:38'),(2484,4,1,2,10,4,20,500,'2014-05-21 17:37:38'),(2485,4,1,2,10,4,20,500,'2014-05-21 17:37:38'),(2486,4,1,2,10,4,20,500,'2014-05-21 17:37:38'),(2487,4,1,2,10,4,20,500,'2014-06-21 17:37:38'),(2488,4,1,2,10,4,20,500,'2014-06-21 17:37:38'),(2489,4,1,2,10,4,20,500,'2014-06-21 17:37:38'),(2490,4,1,2,10,4,20,500,'2014-06-21 17:37:38'),(2491,4,1,2,10,4,20,500,'2014-06-21 17:37:38'),(2492,4,1,2,10,4,20,500,'2014-07-21 17:37:38'),(2493,4,1,2,10,4,20,500,'2014-07-21 17:37:38'),(2494,4,1,2,10,4,20,500,'2014-07-21 17:37:38'),(2495,4,1,2,10,4,20,500,'2014-07-21 17:37:38'),(2496,4,1,2,10,4,20,500,'2014-07-21 17:37:38'),(2497,4,1,2,10,4,20,500,'2014-07-21 17:37:38'),(2498,4,1,2,10,4,20,500,'2014-07-21 17:37:38'),(2499,4,1,2,10,4,20,500,'2014-07-21 17:37:38'),(2500,4,1,2,10,4,20,500,'2014-07-21 17:37:38'),(2501,1,1,1,10,1,10,555,'2014-09-20 13:17:15'),(2502,1,1,2,15,1,30,240,'2014-04-21 17:37:38'),(2503,1,1,2,30,1,60,480,'2014-04-21 17:38:03'),(2504,1,1,1,1,1,1,479,'2014-04-24 17:20:11'),(2505,1,1,1,1,1,1,478,'2014-04-24 17:20:17'),(2506,1,1,1,1,1,1,477,'2014-05-24 17:20:19'),(2507,1,1,1,1,1,1,476,'2014-05-24 17:20:19'),(2508,1,1,1,1,1,1,475,'2014-05-24 17:20:20'),(2509,1,1,1,1,1,1,474,'2014-05-24 17:20:20'),(2510,1,1,1,1,1,1,473,'2014-06-24 17:20:21'),(2511,1,1,1,1,1,1,472,'2014-06-24 17:20:21'),(2512,1,1,1,1,1,1,471,'2014-06-24 17:20:21'),(2513,1,1,1,1,1,1,471,'2014-06-24 17:20:22'),(2514,1,1,1,1,1,1,470,'2014-06-24 17:20:22'),(2515,1,1,1,1,1,1,469,'2014-06-24 17:20:40'),(2516,1,1,1,1,1,1,468,'2014-06-24 17:21:45'),(2517,1,1,1,1,1,1,467,'2014-06-24 17:22:02'),(2518,1,1,1,1,1,1,466,'2014-06-24 17:34:30'),(2519,1,1,1,1,1,1,465,'2014-06-24 17:35:02'),(2520,2,1,2,10,2,20,500,'2014-04-21 17:37:38'),(2521,2,1,2,5,2,10,490,'2014-04-21 17:38:03'),(2522,2,1,2,5,2,10,490,'2014-04-21 17:38:03'),(2523,2,1,2,5,2,10,490,'2014-04-21 17:38:03'),(2524,2,1,2,5,2,10,490,'2014-04-21 17:38:03'),(2525,2,1,2,5,2,10,490,'2014-05-24 17:20:19'),(2526,2,1,2,5,2,10,490,'2014-05-24 17:20:19'),(2527,2,1,2,5,2,10,490,'2014-05-24 17:20:19'),(2528,2,1,2,5,2,10,490,'2014-05-24 17:20:19'),(2529,2,1,2,5,2,10,490,'2014-06-24 17:20:21'),(2530,2,1,2,5,2,10,490,'2014-06-24 17:20:21'),(2531,2,1,2,5,2,10,490,'2014-06-24 17:20:21'),(2532,2,1,2,5,2,10,490,'2014-06-24 17:20:21'),(2533,2,1,2,5,2,10,490,'2014-06-24 17:20:21'),(2534,3,1,2,10,3,20,500,'2014-04-21 17:37:38'),(2535,3,1,2,10,3,20,500,'2014-04-21 17:37:38'),(2536,3,1,2,10,3,20,500,'2014-04-21 17:37:38'),(2537,3,1,2,10,3,20,500,'2014-04-21 17:37:38'),(2538,3,1,2,10,3,20,500,'2014-04-21 17:37:38'),(2539,3,1,2,10,3,20,500,'2014-04-21 17:37:38'),(2540,3,1,2,10,3,20,500,'2014-05-24 17:20:19'),(2541,3,1,2,10,3,20,500,'2014-05-24 17:20:19'),(2542,3,1,2,10,3,20,500,'2014-05-24 17:20:19'),(2543,3,1,2,10,3,20,500,'2014-05-24 17:20:19'),(2544,3,1,2,10,3,20,500,'2014-05-24 17:20:19'),(2545,3,1,2,10,3,20,500,'2014-05-24 17:20:19'),(2546,3,1,2,10,3,20,500,'2014-06-24 17:20:21'),(2547,3,1,2,10,3,20,500,'2014-06-24 17:20:21'),(2548,3,1,2,10,3,20,500,'2014-06-24 17:20:21'),(2549,3,1,2,10,3,20,500,'2014-06-24 17:20:21'),(2550,3,1,2,10,3,20,500,'2014-06-24 17:20:21'),(2551,3,1,2,10,3,20,500,'2014-06-24 17:20:21'),(2552,3,1,2,10,3,20,500,'2014-06-24 17:20:21'),(2553,3,1,2,10,3,20,500,'2014-06-24 17:20:21'),(2554,4,1,2,10,4,20,500,'2014-04-21 17:37:38'),(2555,4,1,2,10,4,20,500,'2014-04-21 17:37:38'),(2556,4,1,2,10,4,20,500,'2014-04-21 17:37:38'),(2557,4,1,2,10,4,20,500,'2014-04-21 17:37:38'),(2558,4,1,2,10,4,20,500,'2014-04-21 17:37:38'),(2559,4,1,2,10,4,20,500,'2014-04-21 17:37:38'),(2560,4,1,2,10,4,20,500,'2014-05-21 17:37:38'),(2561,4,1,2,10,4,20,500,'2014-05-21 17:37:38'),(2562,4,1,2,10,4,20,500,'2014-05-21 17:37:38'),(2563,4,1,2,10,4,20,500,'2014-05-21 17:37:38'),(2564,4,1,2,10,4,20,500,'2014-05-21 17:37:38'),(2565,4,1,2,10,4,20,500,'2014-06-21 17:37:38'),(2566,4,1,2,10,4,20,500,'2014-06-21 17:37:38'),(2567,4,1,2,10,4,20,500,'2014-06-21 17:37:38'),(2568,4,1,2,10,4,20,500,'2014-06-21 17:37:38'),(2569,4,1,2,10,4,20,500,'2014-06-21 17:37:38'),(2570,4,1,2,10,4,20,500,'2014-06-21 17:37:38'),(2571,4,1,2,10,4,20,500,'2014-06-21 17:37:38'),(2572,4,1,2,10,4,20,500,'2014-06-21 17:37:38'),(2573,4,1,2,10,4,20,500,'2014-06-21 17:37:38'),(2574,1,1,1,10,1,10,555,'2014-08-20 13:17:15'),(2575,1,1,2,15,1,30,240,'2015-02-21 17:37:38'),(2576,1,1,2,30,1,60,480,'2015-02-21 17:38:03'),(2577,1,1,1,1,1,1,479,'2015-02-24 17:20:11'),(2578,1,1,1,1,1,1,478,'2015-02-24 17:20:17'),(2579,1,1,1,1,1,1,477,'2015-03-24 17:20:19'),(2580,1,1,1,1,1,1,476,'2015-03-24 17:20:19'),(2581,1,1,1,1,1,1,475,'2015-03-24 17:20:20'),(2582,1,1,1,1,1,1,474,'2015-03-24 17:20:20'),(2583,1,1,1,1,1,1,473,'2015-04-24 17:20:21'),(2584,1,1,1,1,1,1,472,'2015-04-24 17:20:21'),(2585,1,1,1,1,1,1,471,'2015-04-24 17:20:21'),(2586,1,1,1,1,1,1,471,'2015-04-24 17:20:22'),(2587,1,1,1,1,1,1,470,'2015-04-24 17:20:22'),(2588,1,1,1,1,1,1,469,'2015-04-24 17:20:40'),(2589,1,1,1,1,1,1,468,'2015-04-24 17:21:45'),(2590,1,1,1,1,1,1,467,'2015-04-24 17:22:02'),(2591,1,1,1,1,1,1,466,'2015-04-24 17:34:30'),(2592,1,1,1,1,1,1,465,'2015-04-24 17:35:02'),(2593,2,1,2,10,2,20,500,'2015-02-21 17:37:38'),(2594,2,1,2,5,2,10,490,'2015-02-21 17:38:03'),(2595,2,1,2,5,2,10,490,'2015-02-21 17:38:03'),(2596,2,1,2,5,2,10,490,'2015-02-21 17:38:03'),(2597,2,1,2,5,2,10,490,'2015-02-21 17:38:03'),(2598,2,1,2,5,2,10,490,'2015-03-24 17:20:19'),(2599,2,1,2,5,2,10,490,'2015-03-24 17:20:19'),(2600,2,1,2,5,2,10,490,'2015-03-24 17:20:19'),(2601,2,1,2,5,2,10,490,'2015-03-24 17:20:19'),(2602,2,1,2,5,2,10,490,'2015-04-24 17:20:21'),(2603,2,1,2,5,2,10,490,'2015-04-24 17:20:21'),(2604,2,1,2,5,2,10,490,'2015-04-24 17:20:21'),(2605,2,1,2,5,2,10,490,'2015-04-24 17:20:21'),(2606,2,1,2,5,2,10,490,'2015-04-24 17:20:21'),(2607,3,1,2,10,3,20,500,'2015-02-21 17:37:38'),(2608,3,1,2,10,3,20,500,'2015-02-21 17:37:38'),(2609,3,1,2,10,3,20,500,'2015-02-21 17:37:38'),(2610,3,1,2,10,3,20,500,'2015-02-21 17:37:38'),(2611,3,1,2,10,3,20,500,'2015-02-21 17:37:38'),(2612,3,1,2,10,3,20,500,'2015-02-21 17:37:38'),(2613,3,1,2,10,3,20,500,'2015-03-24 17:20:19'),(2614,3,1,2,10,3,20,500,'2015-03-24 17:20:19'),(2615,3,1,2,10,3,20,500,'2015-03-24 17:20:19'),(2616,3,1,2,10,3,20,500,'2015-03-24 17:20:19'),(2617,3,1,2,10,3,20,500,'2015-03-24 17:20:19'),(2618,3,1,2,10,3,20,500,'2015-03-24 17:20:19'),(2619,3,1,2,10,3,20,500,'2015-04-24 17:20:21'),(2620,3,1,2,10,3,20,500,'2015-04-24 17:20:21'),(2621,3,1,2,10,3,20,500,'2015-04-24 17:20:21'),(2622,3,1,2,10,3,20,500,'2015-04-24 17:20:21'),(2623,3,1,2,10,3,20,500,'2015-04-24 17:20:21'),(2624,3,1,2,10,3,20,500,'2015-04-24 17:20:21'),(2625,3,1,2,10,3,20,500,'2015-04-24 17:20:21'),(2626,3,1,2,10,3,20,500,'2015-04-24 17:20:21'),(2627,4,1,2,10,4,20,500,'2015-02-21 17:37:38'),(2628,4,1,2,10,4,20,500,'2015-02-21 17:37:38'),(2629,4,1,2,10,4,20,500,'2015-02-21 17:37:38'),(2630,4,1,2,10,4,20,500,'2015-02-21 17:37:38'),(2631,4,1,2,10,4,20,500,'2015-02-21 17:37:38'),(2632,4,1,2,10,4,20,500,'2015-02-21 17:37:38'),(2633,4,1,2,10,4,20,500,'2015-03-21 17:37:38'),(2634,4,1,2,10,4,20,500,'2015-03-21 17:37:38'),(2635,4,1,2,10,4,20,500,'2015-03-21 17:37:38'),(2636,4,1,2,10,4,20,500,'2015-03-21 17:37:38'),(2637,4,1,2,10,4,20,500,'2015-03-21 17:37:38'),(2638,4,1,2,10,4,20,500,'2015-04-21 17:37:38'),(2639,4,1,2,10,4,20,500,'2015-04-21 17:37:38'),(2640,4,1,2,10,4,20,500,'2015-04-21 17:37:38'),(2641,4,1,2,10,4,20,500,'2015-04-21 17:37:38'),(2642,4,1,2,10,4,20,500,'2015-04-21 17:37:38'),(2643,4,1,2,10,4,20,500,'2015-04-21 17:37:38'),(2644,4,1,2,10,4,20,500,'2015-04-21 17:37:38'),(2645,4,1,2,10,4,20,500,'2015-04-21 17:37:38'),(2646,4,1,2,10,4,20,500,'2015-04-21 17:37:38'),(2647,1,1,1,10,1,10,555,'2015-06-20 13:17:15'),(2648,1,1,2,15,1,30,240,'2015-01-21 17:37:38'),(2649,1,1,2,30,1,60,480,'2015-01-21 17:38:03'),(2650,1,1,1,1,1,1,479,'2015-01-24 17:20:11'),(2651,1,1,1,1,1,1,478,'2015-01-24 17:20:17'),(2652,1,1,1,1,1,1,477,'2015-02-24 17:20:19'),(2653,1,1,1,1,1,1,476,'2015-02-24 17:20:19'),(2654,1,1,1,1,1,1,475,'2015-02-24 17:20:20'),(2655,1,1,1,1,1,1,474,'2015-02-24 17:20:20'),(2656,1,1,1,1,1,1,473,'2015-03-24 17:20:21'),(2657,1,1,1,1,1,1,472,'2015-03-24 17:20:21'),(2658,1,1,1,1,1,1,471,'2015-03-24 17:20:21'),(2659,1,1,1,1,1,1,471,'2015-03-24 17:20:22'),(2660,1,1,1,1,1,1,470,'2015-03-24 17:20:22'),(2661,1,1,1,1,1,1,469,'2015-03-24 17:20:40'),(2662,1,1,1,1,1,1,468,'2015-03-24 17:21:45'),(2663,1,1,1,1,1,1,467,'2015-03-24 17:22:02'),(2664,1,1,1,1,1,1,466,'2015-03-24 17:34:30'),(2665,1,1,1,1,1,1,465,'2015-03-24 17:35:02'),(2666,2,1,2,10,2,20,500,'2015-01-21 17:37:38'),(2667,2,1,2,5,2,10,490,'2015-01-21 17:38:03'),(2668,2,1,2,5,2,10,490,'2015-01-21 17:38:03'),(2669,2,1,2,5,2,10,490,'2015-01-21 17:38:03'),(2670,2,1,2,5,2,10,490,'2015-01-21 17:38:03'),(2671,2,1,2,5,2,10,490,'2015-02-24 17:20:19'),(2672,2,1,2,5,2,10,490,'2015-02-24 17:20:19'),(2673,2,1,2,5,2,10,490,'2015-02-24 17:20:19'),(2674,2,1,2,5,2,10,490,'2015-02-24 17:20:19'),(2675,2,1,2,5,2,10,490,'2015-03-24 17:20:21'),(2676,2,1,2,5,2,10,490,'2015-03-24 17:20:21'),(2677,2,1,2,5,2,10,490,'2015-03-24 17:20:21'),(2678,2,1,2,5,2,10,490,'2015-03-24 17:20:21'),(2679,2,1,2,5,2,10,490,'2015-03-24 17:20:21'),(2680,3,1,2,10,3,20,500,'2015-01-21 17:37:38'),(2681,3,1,2,10,3,20,500,'2015-01-21 17:37:38'),(2682,3,1,2,10,3,20,500,'2015-01-21 17:37:38'),(2683,3,1,2,10,3,20,500,'2015-01-21 17:37:38'),(2684,3,1,2,10,3,20,500,'2015-01-21 17:37:38'),(2685,3,1,2,10,3,20,500,'2015-01-21 17:37:38'),(2686,3,1,2,10,3,20,500,'2015-02-24 17:20:19'),(2687,3,1,2,10,3,20,500,'2015-02-24 17:20:19'),(2688,3,1,2,10,3,20,500,'2015-02-24 17:20:19'),(2689,3,1,2,10,3,20,500,'2015-02-24 17:20:19'),(2690,3,1,2,10,3,20,500,'2015-02-24 17:20:19'),(2691,3,1,2,10,3,20,500,'2015-02-24 17:20:19'),(2692,3,1,2,10,3,20,500,'2015-03-24 17:20:21'),(2693,3,1,2,10,3,20,500,'2015-03-24 17:20:21'),(2694,3,1,2,10,3,20,500,'2015-03-24 17:20:21'),(2695,3,1,2,10,3,20,500,'2015-03-24 17:20:21'),(2696,3,1,2,10,3,20,500,'2015-03-24 17:20:21'),(2697,3,1,2,10,3,20,500,'2015-03-24 17:20:21'),(2698,3,1,2,10,3,20,500,'2015-03-24 17:20:21'),(2699,3,1,2,10,3,20,500,'2015-03-24 17:20:21'),(2700,4,1,2,10,4,20,500,'2015-01-21 17:37:38'),(2701,4,1,2,10,4,20,500,'2015-01-21 17:37:38'),(2702,4,1,2,10,4,20,500,'2015-01-21 17:37:38'),(2703,4,1,2,10,4,20,500,'2015-01-21 17:37:38'),(2704,4,1,2,10,4,20,500,'2015-01-21 17:37:38'),(2705,4,1,2,10,4,20,500,'2015-01-21 17:37:38'),(2706,4,1,2,10,4,20,500,'2015-02-21 17:37:38'),(2707,4,1,2,10,4,20,500,'2015-02-21 17:37:38'),(2708,4,1,2,10,4,20,500,'2015-02-21 17:37:38'),(2709,4,1,2,10,4,20,500,'2015-02-21 17:37:38'),(2710,4,1,2,10,4,20,500,'2015-02-21 17:37:38'),(2711,4,1,2,10,4,20,500,'2015-03-21 17:37:38'),(2712,4,1,2,10,4,20,500,'2015-03-21 17:37:38'),(2713,4,1,2,10,4,20,500,'2015-03-21 17:37:38'),(2714,4,1,2,10,4,20,500,'2015-03-21 17:37:38'),(2715,4,1,2,10,4,20,500,'2015-03-21 17:37:38'),(2716,4,1,2,10,4,20,500,'2015-03-21 17:37:38'),(2717,4,1,2,10,4,20,500,'2015-03-21 17:37:38'),(2718,4,1,2,10,4,20,500,'2015-03-21 17:37:38'),(2719,4,1,2,10,4,20,500,'2015-03-21 17:37:38'),(2720,1,1,1,10,1,10,555,'2015-05-20 13:17:15'),(2721,1,1,2,15,1,30,240,'2014-10-21 17:37:38'),(2722,1,1,2,30,1,60,480,'2014-10-21 17:38:03'),(2723,1,1,1,1,1,1,479,'2014-10-24 17:20:11'),(2724,1,1,1,1,1,1,478,'2014-10-24 17:20:17'),(2725,1,1,1,1,1,1,477,'2014-11-24 17:20:19'),(2726,1,1,1,1,1,1,476,'2014-11-24 17:20:19'),(2727,1,1,1,1,1,1,475,'2014-11-24 17:20:20'),(2728,1,1,1,1,1,1,474,'2014-11-24 17:20:20'),(2729,1,1,1,1,1,1,473,'2014-12-24 17:20:21'),(2730,1,1,1,1,1,1,472,'2014-12-24 17:20:21'),(2731,1,1,1,1,1,1,471,'2014-12-24 17:20:21'),(2732,1,1,1,1,1,1,471,'2014-12-24 17:20:22'),(2733,1,1,1,1,1,1,470,'2014-12-24 17:20:22'),(2734,1,1,1,1,1,1,469,'2014-12-24 17:20:40'),(2735,1,1,1,1,1,1,468,'2014-12-24 17:21:45'),(2736,1,1,1,1,1,1,467,'2014-12-24 17:22:02'),(2737,1,1,1,1,1,1,466,'2014-12-24 17:34:30'),(2738,1,1,1,1,1,1,465,'2014-12-24 17:35:02'),(2739,2,1,2,10,2,20,500,'2014-10-21 17:37:38'),(2740,2,1,2,5,2,10,490,'2014-10-21 17:38:03'),(2741,2,1,2,5,2,10,490,'2014-10-21 17:38:03'),(2742,2,1,2,5,2,10,490,'2014-10-21 17:38:03'),(2743,2,1,2,5,2,10,490,'2014-10-21 17:38:03'),(2744,2,1,2,5,2,10,490,'2014-11-24 17:20:19'),(2745,2,1,2,5,2,10,490,'2014-11-24 17:20:19'),(2746,2,1,2,5,2,10,490,'2014-11-24 17:20:19'),(2747,2,1,2,5,2,10,490,'2014-11-24 17:20:19'),(2748,2,1,2,5,2,10,490,'2014-12-24 17:20:21'),(2749,2,1,2,5,2,10,490,'2014-12-24 17:20:21'),(2750,2,1,2,5,2,10,490,'2014-12-24 17:20:21'),(2751,2,1,2,5,2,10,490,'2014-12-24 17:20:21'),(2752,2,1,2,5,2,10,490,'2014-12-24 17:20:21'),(2753,3,1,2,10,3,20,500,'2014-10-21 17:37:38'),(2754,3,1,2,10,3,20,500,'2014-10-21 17:37:38'),(2755,3,1,2,10,3,20,500,'2014-10-21 17:37:38'),(2756,3,1,2,10,3,20,500,'2014-10-21 17:37:38'),(2757,3,1,2,10,3,20,500,'2014-10-21 17:37:38'),(2758,3,1,2,10,3,20,500,'2014-10-21 17:37:38'),(2759,3,1,2,10,3,20,500,'2014-11-24 17:20:19'),(2760,3,1,2,10,3,20,500,'2014-11-24 17:20:19'),(2761,3,1,2,10,3,20,500,'2014-11-24 17:20:19'),(2762,3,1,2,10,3,20,500,'2014-11-24 17:20:19'),(2763,3,1,2,10,3,20,500,'2014-11-24 17:20:19'),(2764,3,1,2,10,3,20,500,'2014-11-24 17:20:19'),(2765,3,1,2,10,3,20,500,'2014-12-24 17:20:21'),(2766,3,1,2,10,3,20,500,'2014-12-24 17:20:21'),(2767,3,1,2,10,3,20,500,'2014-12-24 17:20:21'),(2768,3,1,2,10,3,20,500,'2014-12-24 17:20:21'),(2769,3,1,2,10,3,20,500,'2014-12-24 17:20:21'),(2770,3,1,2,10,3,20,500,'2014-12-24 17:20:21'),(2771,3,1,2,10,3,20,500,'2014-12-24 17:20:21'),(2772,3,1,2,10,3,20,500,'2014-12-24 17:20:21'),(2773,4,1,2,10,4,20,500,'2014-10-21 17:37:38'),(2774,4,1,2,10,4,20,500,'2014-10-21 17:37:38'),(2775,4,1,2,10,4,20,500,'2014-10-21 17:37:38'),(2776,4,1,2,10,4,20,500,'2014-10-21 17:37:38'),(2777,4,1,2,10,4,20,500,'2014-10-21 17:37:38'),(2778,4,1,2,10,4,20,500,'2014-10-21 17:37:38'),(2779,4,1,2,10,4,20,500,'2014-11-21 17:37:38'),(2780,4,1,2,10,4,20,500,'2014-11-21 17:37:38'),(2781,4,1,2,10,4,20,500,'2014-11-21 17:37:38'),(2782,4,1,2,10,4,20,500,'2014-11-21 17:37:38'),(2783,4,1,2,10,4,20,500,'2014-11-21 17:37:38'),(2784,4,1,2,10,4,20,500,'2014-12-21 17:37:38'),(2785,4,1,2,10,4,20,500,'2014-12-21 17:37:38'),(2786,4,1,2,10,4,20,500,'2014-12-21 17:37:38'),(2787,4,1,2,10,4,20,500,'2014-12-21 17:37:38'),(2788,4,1,2,10,4,20,500,'2014-12-21 17:37:38'),(2789,4,1,2,10,4,20,500,'2014-12-21 17:37:38'),(2790,4,1,2,10,4,20,500,'2014-12-21 17:37:38'),(2791,4,1,2,10,4,20,500,'2014-12-21 17:37:38'),(2792,4,1,2,10,4,20,500,'2014-12-21 17:37:38'),(2793,1,1,1,10,1,10,555,'2015-02-20 13:17:15'),(2794,1,1,2,15,1,30,240,'2014-09-21 17:37:38'),(2795,1,1,2,30,1,60,480,'2014-09-21 17:38:03'),(2796,1,1,1,1,1,1,479,'2014-09-24 17:20:11'),(2797,1,1,1,1,1,1,478,'2014-09-24 17:20:17'),(2798,1,1,1,1,1,1,477,'2014-10-24 17:20:19'),(2799,1,1,1,1,1,1,476,'2014-10-24 17:20:19'),(2800,1,1,1,1,1,1,475,'2014-10-24 17:20:20'),(2801,1,1,1,1,1,1,474,'2014-10-24 17:20:20'),(2802,1,1,1,1,1,1,473,'2014-11-24 17:20:21'),(2803,1,1,1,1,1,1,472,'2014-11-24 17:20:21'),(2804,1,1,1,1,1,1,471,'2014-11-24 17:20:21'),(2805,1,1,1,1,1,1,471,'2014-11-24 17:20:22'),(2806,1,1,1,1,1,1,470,'2014-11-24 17:20:22'),(2807,1,1,1,1,1,1,469,'2014-11-24 17:20:40'),(2808,1,1,1,1,1,1,468,'2014-11-24 17:21:45'),(2809,1,1,1,1,1,1,467,'2014-11-24 17:22:02'),(2810,1,1,1,1,1,1,466,'2014-11-24 17:34:30'),(2811,1,1,1,1,1,1,465,'2014-11-24 17:35:02'),(2812,2,1,2,10,2,20,500,'2014-09-21 17:37:38'),(2813,2,1,2,5,2,10,490,'2014-09-21 17:38:03'),(2814,2,1,2,5,2,10,490,'2014-09-21 17:38:03'),(2815,2,1,2,5,2,10,490,'2014-09-21 17:38:03'),(2816,2,1,2,5,2,10,490,'2014-09-21 17:38:03'),(2817,2,1,2,5,2,10,490,'2014-10-24 17:20:19'),(2818,2,1,2,5,2,10,490,'2014-10-24 17:20:19'),(2819,2,1,2,5,2,10,490,'2014-10-24 17:20:19'),(2820,2,1,2,5,2,10,490,'2014-10-24 17:20:19'),(2821,2,1,2,5,2,10,490,'2014-11-24 17:20:21'),(2822,2,1,2,5,2,10,490,'2014-11-24 17:20:21'),(2823,2,1,2,5,2,10,490,'2014-11-24 17:20:21'),(2824,2,1,2,5,2,10,490,'2014-11-24 17:20:21'),(2825,2,1,2,5,2,10,490,'2014-11-24 17:20:21'),(2826,3,1,2,10,3,20,500,'2014-09-21 17:37:38'),(2827,3,1,2,10,3,20,500,'2014-09-21 17:37:38'),(2828,3,1,2,10,3,20,500,'2014-09-21 17:37:38'),(2829,3,1,2,10,3,20,500,'2014-09-21 17:37:38'),(2830,3,1,2,10,3,20,500,'2014-09-21 17:37:38'),(2831,3,1,2,10,3,20,500,'2014-09-21 17:37:38'),(2832,3,1,2,10,3,20,500,'2014-10-24 17:20:19'),(2833,3,1,2,10,3,20,500,'2014-10-24 17:20:19'),(2834,3,1,2,10,3,20,500,'2014-10-24 17:20:19'),(2835,3,1,2,10,3,20,500,'2014-10-24 17:20:19'),(2836,3,1,2,10,3,20,500,'2014-10-24 17:20:19'),(2837,3,1,2,10,3,20,500,'2014-10-24 17:20:19'),(2838,3,1,2,10,3,20,500,'2014-11-24 17:20:21'),(2839,3,1,2,10,3,20,500,'2014-11-24 17:20:21'),(2840,3,1,2,10,3,20,500,'2014-11-24 17:20:21'),(2841,3,1,2,10,3,20,500,'2014-11-24 17:20:21'),(2842,3,1,2,10,3,20,500,'2014-11-24 17:20:21'),(2843,3,1,2,10,3,20,500,'2014-11-24 17:20:21'),(2844,3,1,2,10,3,20,500,'2014-11-24 17:20:21'),(2845,3,1,2,10,3,20,500,'2014-11-24 17:20:21'),(2846,4,1,2,10,4,20,500,'2014-09-21 17:37:38'),(2847,4,1,2,10,4,20,500,'2014-09-21 17:37:38'),(2848,4,1,2,10,4,20,500,'2014-09-21 17:37:38'),(2849,4,1,2,10,4,20,500,'2014-09-21 17:37:38'),(2850,4,1,2,10,4,20,500,'2014-09-21 17:37:38'),(2851,4,1,2,10,4,20,500,'2014-09-21 17:37:38'),(2852,4,1,2,10,4,20,500,'2014-10-21 17:37:38'),(2853,4,1,2,10,4,20,500,'2014-10-21 17:37:38'),(2854,4,1,2,10,4,20,500,'2014-10-21 17:37:38'),(2855,4,1,2,10,4,20,500,'2014-10-21 17:37:38'),(2856,4,1,2,10,4,20,500,'2014-10-21 17:37:38'),(2857,4,1,2,10,4,20,500,'2014-11-21 17:37:38'),(2858,4,1,2,10,4,20,500,'2014-11-21 17:37:38'),(2859,4,1,2,10,4,20,500,'2014-11-21 17:37:38'),(2860,4,1,2,10,4,20,500,'2014-11-21 17:37:38'),(2861,4,1,2,10,4,20,500,'2014-11-21 17:37:38'),(2862,4,1,2,10,4,20,500,'2014-11-21 17:37:38'),(2863,4,1,2,10,4,20,500,'2014-11-21 17:37:38'),(2864,4,1,2,10,4,20,500,'2014-11-21 17:37:38'),(2865,4,1,2,10,4,20,500,'2014-11-21 17:37:38'),(2866,1,1,1,10,1,10,555,'2015-01-20 13:17:15'),(2867,1,1,2,15,1,30,240,'2014-06-21 17:37:38'),(2868,1,1,2,30,1,60,480,'2014-06-21 17:38:03'),(2869,1,1,1,1,1,1,479,'2014-06-24 17:20:11'),(2870,1,1,1,1,1,1,478,'2014-06-24 17:20:17'),(2871,1,1,1,1,1,1,477,'2014-07-24 17:20:19'),(2872,1,1,1,1,1,1,476,'2014-07-24 17:20:19'),(2873,1,1,1,1,1,1,475,'2014-07-24 17:20:20'),(2874,1,1,1,1,1,1,474,'2014-07-24 17:20:20'),(2875,1,1,1,1,1,1,473,'2014-08-24 17:20:21'),(2876,1,1,1,1,1,1,472,'2014-08-24 17:20:21'),(2877,1,1,1,1,1,1,471,'2014-08-24 17:20:21'),(2878,1,1,1,1,1,1,471,'2014-08-24 17:20:22'),(2879,1,1,1,1,1,1,470,'2014-08-24 17:20:22'),(2880,1,1,1,1,1,1,469,'2014-08-24 17:20:40'),(2881,1,1,1,1,1,1,468,'2014-08-24 17:21:45'),(2882,1,1,1,1,1,1,467,'2014-08-24 17:22:02'),(2883,1,1,1,1,1,1,466,'2014-08-24 17:34:30'),(2884,1,1,1,1,1,1,465,'2014-08-24 17:35:02'),(2885,2,1,2,10,2,20,500,'2014-06-21 17:37:38'),(2886,2,1,2,5,2,10,490,'2014-06-21 17:38:03'),(2887,2,1,2,5,2,10,490,'2014-06-21 17:38:03'),(2888,2,1,2,5,2,10,490,'2014-06-21 17:38:03'),(2889,2,1,2,5,2,10,490,'2014-06-21 17:38:03'),(2890,2,1,2,5,2,10,490,'2014-07-24 17:20:19'),(2891,2,1,2,5,2,10,490,'2014-07-24 17:20:19'),(2892,2,1,2,5,2,10,490,'2014-07-24 17:20:19'),(2893,2,1,2,5,2,10,490,'2014-07-24 17:20:19'),(2894,2,1,2,5,2,10,490,'2014-08-24 17:20:21'),(2895,2,1,2,5,2,10,490,'2014-08-24 17:20:21'),(2896,2,1,2,5,2,10,490,'2014-08-24 17:20:21'),(2897,2,1,2,5,2,10,490,'2014-08-24 17:20:21'),(2898,2,1,2,5,2,10,490,'2014-08-24 17:20:21'),(2899,3,1,2,10,3,20,500,'2014-06-21 17:37:38'),(2900,3,1,2,10,3,20,500,'2014-06-21 17:37:38'),(2901,3,1,2,10,3,20,500,'2014-06-21 17:37:38'),(2902,3,1,2,10,3,20,500,'2014-06-21 17:37:38'),(2903,3,1,2,10,3,20,500,'2014-06-21 17:37:38'),(2904,3,1,2,10,3,20,500,'2014-06-21 17:37:38'),(2905,3,1,2,10,3,20,500,'2014-07-24 17:20:19'),(2906,3,1,2,10,3,20,500,'2014-07-24 17:20:19'),(2907,3,1,2,10,3,20,500,'2014-07-24 17:20:19'),(2908,3,1,2,10,3,20,500,'2014-07-24 17:20:19'),(2909,3,1,2,10,3,20,500,'2014-07-24 17:20:19'),(2910,3,1,2,10,3,20,500,'2014-07-24 17:20:19'),(2911,3,1,2,10,3,20,500,'2014-08-24 17:20:21'),(2912,3,1,2,10,3,20,500,'2014-08-24 17:20:21'),(2913,3,1,2,10,3,20,500,'2014-08-24 17:20:21'),(2914,3,1,2,10,3,20,500,'2014-08-24 17:20:21'),(2915,3,1,2,10,3,20,500,'2014-08-24 17:20:21'),(2916,3,1,2,10,3,20,500,'2014-08-24 17:20:21'),(2917,3,1,2,10,3,20,500,'2014-08-24 17:20:21'),(2918,3,1,2,10,3,20,500,'2014-08-24 17:20:21'),(2919,4,1,2,10,4,20,500,'2014-06-21 17:37:38'),(2920,4,1,2,10,4,20,500,'2014-06-21 17:37:38'),(2921,4,1,2,10,4,20,500,'2014-06-21 17:37:38'),(2922,4,1,2,10,4,20,500,'2014-06-21 17:37:38'),(2923,4,1,2,10,4,20,500,'2014-06-21 17:37:38'),(2924,4,1,2,10,4,20,500,'2014-06-21 17:37:38'),(2925,4,1,2,10,4,20,500,'2014-07-21 17:37:38'),(2926,4,1,2,10,4,20,500,'2014-07-21 17:37:38'),(2927,4,1,2,10,4,20,500,'2014-07-21 17:37:38'),(2928,4,1,2,10,4,20,500,'2014-07-21 17:37:38'),(2929,4,1,2,10,4,20,500,'2014-07-21 17:37:38'),(2930,4,1,2,10,4,20,500,'2014-08-21 17:37:38'),(2931,4,1,2,10,4,20,500,'2014-08-21 17:37:38'),(2932,4,1,2,10,4,20,500,'2014-08-21 17:37:38'),(2933,4,1,2,10,4,20,500,'2014-08-21 17:37:38'),(2934,4,1,2,10,4,20,500,'2014-08-21 17:37:38'),(2935,4,1,2,10,4,20,500,'2014-08-21 17:37:38'),(2936,4,1,2,10,4,20,500,'2014-08-21 17:37:38'),(2937,4,1,2,10,4,20,500,'2014-08-21 17:37:38'),(2938,4,1,2,10,4,20,500,'2014-08-21 17:37:38'),(2939,1,1,1,10,1,10,555,'2014-10-20 13:17:15'),(2940,1,1,2,15,1,30,240,'2014-05-21 17:37:38'),(2941,1,1,2,30,1,60,480,'2014-05-21 17:38:03'),(2942,1,1,1,1,1,1,479,'2014-05-24 17:20:11'),(2943,1,1,1,1,1,1,478,'2014-05-24 17:20:17'),(2944,1,1,1,1,1,1,477,'2014-06-24 17:20:19'),(2945,1,1,1,1,1,1,476,'2014-06-24 17:20:19'),(2946,1,1,1,1,1,1,475,'2014-06-24 17:20:20'),(2947,1,1,1,1,1,1,474,'2014-06-24 17:20:20'),(2948,1,1,1,1,1,1,473,'2014-07-24 17:20:21'),(2949,1,1,1,1,1,1,472,'2014-07-24 17:20:21'),(2950,1,1,1,1,1,1,471,'2014-07-24 17:20:21'),(2951,1,1,1,1,1,1,471,'2014-07-24 17:20:22'),(2952,1,1,1,1,1,1,470,'2014-07-24 17:20:22'),(2953,1,1,1,1,1,1,469,'2014-07-24 17:20:40'),(2954,1,1,1,1,1,1,468,'2014-07-24 17:21:45'),(2955,1,1,1,1,1,1,467,'2014-07-24 17:22:02'),(2956,1,1,1,1,1,1,466,'2014-07-24 17:34:30'),(2957,1,1,1,1,1,1,465,'2014-07-24 17:35:02'),(2958,2,1,2,10,2,20,500,'2014-05-21 17:37:38'),(2959,2,1,2,5,2,10,490,'2014-05-21 17:38:03'),(2960,2,1,2,5,2,10,490,'2014-05-21 17:38:03'),(2961,2,1,2,5,2,10,490,'2014-05-21 17:38:03'),(2962,2,1,2,5,2,10,490,'2014-05-21 17:38:03'),(2963,2,1,2,5,2,10,490,'2014-06-24 17:20:19'),(2964,2,1,2,5,2,10,490,'2014-06-24 17:20:19'),(2965,2,1,2,5,2,10,490,'2014-06-24 17:20:19'),(2966,2,1,2,5,2,10,490,'2014-06-24 17:20:19'),(2967,2,1,2,5,2,10,490,'2014-07-24 17:20:21'),(2968,2,1,2,5,2,10,490,'2014-07-24 17:20:21'),(2969,2,1,2,5,2,10,490,'2014-07-24 17:20:21'),(2970,2,1,2,5,2,10,490,'2014-07-24 17:20:21'),(2971,2,1,2,5,2,10,490,'2014-07-24 17:20:21'),(2972,3,1,2,10,3,20,500,'2014-05-21 17:37:38'),(2973,3,1,2,10,3,20,500,'2014-05-21 17:37:38'),(2974,3,1,2,10,3,20,500,'2014-05-21 17:37:38'),(2975,3,1,2,10,3,20,500,'2014-05-21 17:37:38'),(2976,3,1,2,10,3,20,500,'2014-05-21 17:37:38'),(2977,3,1,2,10,3,20,500,'2014-05-21 17:37:38'),(2978,3,1,2,10,3,20,500,'2014-06-24 17:20:19'),(2979,3,1,2,10,3,20,500,'2014-06-24 17:20:19'),(2980,3,1,2,10,3,20,500,'2014-06-24 17:20:19'),(2981,3,1,2,10,3,20,500,'2014-06-24 17:20:19'),(2982,3,1,2,10,3,20,500,'2014-06-24 17:20:19'),(2983,3,1,2,10,3,20,500,'2014-06-24 17:20:19'),(2984,3,1,2,10,3,20,500,'2014-07-24 17:20:21'),(2985,3,1,2,10,3,20,500,'2014-07-24 17:20:21'),(2986,3,1,2,10,3,20,500,'2014-07-24 17:20:21'),(2987,3,1,2,10,3,20,500,'2014-07-24 17:20:21'),(2988,3,1,2,10,3,20,500,'2014-07-24 17:20:21'),(2989,3,1,2,10,3,20,500,'2014-07-24 17:20:21'),(2990,3,1,2,10,3,20,500,'2014-07-24 17:20:21'),(2991,3,1,2,10,3,20,500,'2014-07-24 17:20:21'),(2992,4,1,2,10,4,20,500,'2014-05-21 17:37:38'),(2993,4,1,2,10,4,20,500,'2014-05-21 17:37:38'),(2994,4,1,2,10,4,20,500,'2014-05-21 17:37:38'),(2995,4,1,2,10,4,20,500,'2014-05-21 17:37:38'),(2996,4,1,2,10,4,20,500,'2014-05-21 17:37:38'),(2997,4,1,2,10,4,20,500,'2014-05-21 17:37:38'),(2998,4,1,2,10,4,20,500,'2014-06-21 17:37:38'),(2999,4,1,2,10,4,20,500,'2014-06-21 17:37:38'),(3000,4,1,2,10,4,20,500,'2014-06-21 17:37:38'),(3001,4,1,2,10,4,20,500,'2014-06-21 17:37:38'),(3002,4,1,2,10,4,20,500,'2014-06-21 17:37:38'),(3003,4,1,2,10,4,20,500,'2014-07-21 17:37:38'),(3004,4,1,2,10,4,20,500,'2014-07-21 17:37:38'),(3005,4,1,2,10,4,20,500,'2014-07-21 17:37:38'),(3006,4,1,2,10,4,20,500,'2014-07-21 17:37:38'),(3007,4,1,2,10,4,20,500,'2014-07-21 17:37:38'),(3008,4,1,2,10,4,20,500,'2014-07-21 17:37:38'),(3009,4,1,2,10,4,20,500,'2014-07-21 17:37:38'),(3010,4,1,2,10,4,20,500,'2014-07-21 17:37:38'),(3011,4,1,2,10,4,20,500,'2014-07-21 17:37:38'),(3012,1,1,1,10,1,10,555,'2014-09-20 13:17:15'),(3013,1,1,2,15,1,30,240,'2014-02-21 17:37:38'),(3014,1,1,2,30,1,60,480,'2014-02-21 17:38:03'),(3015,1,1,1,1,1,1,479,'2014-02-24 17:20:11'),(3016,1,1,1,1,1,1,478,'2014-02-24 17:20:17'),(3017,1,1,1,1,1,1,477,'2014-03-24 17:20:19'),(3018,1,1,1,1,1,1,476,'2014-03-24 17:20:19'),(3019,1,1,1,1,1,1,475,'2014-03-24 17:20:20'),(3020,1,1,1,1,1,1,474,'2014-03-24 17:20:20'),(3021,1,1,1,1,1,1,473,'2014-04-24 17:20:21'),(3022,1,1,1,1,1,1,472,'2014-04-24 17:20:21'),(3023,1,1,1,1,1,1,471,'2014-04-24 17:20:21'),(3024,1,1,1,1,1,1,471,'2014-04-24 17:20:22'),(3025,1,1,1,1,1,1,470,'2014-04-24 17:20:22'),(3026,1,1,1,1,1,1,469,'2014-04-24 17:20:40'),(3027,1,1,1,1,1,1,468,'2014-04-24 17:21:45'),(3028,1,1,1,1,1,1,467,'2014-04-24 17:22:02'),(3029,1,1,1,1,1,1,466,'2014-04-24 17:34:30'),(3030,1,1,1,1,1,1,465,'2014-04-24 17:35:02'),(3031,2,1,2,10,2,20,500,'2014-02-21 17:37:38'),(3032,2,1,2,5,2,10,490,'2014-02-21 17:38:03'),(3033,2,1,2,5,2,10,490,'2014-02-21 17:38:03'),(3034,2,1,2,5,2,10,490,'2014-02-21 17:38:03'),(3035,2,1,2,5,2,10,490,'2014-02-21 17:38:03'),(3036,2,1,2,5,2,10,490,'2014-03-24 17:20:19'),(3037,2,1,2,5,2,10,490,'2014-03-24 17:20:19'),(3038,2,1,2,5,2,10,490,'2014-03-24 17:20:19'),(3039,2,1,2,5,2,10,490,'2014-03-24 17:20:19'),(3040,2,1,2,5,2,10,490,'2014-04-24 17:20:21'),(3041,2,1,2,5,2,10,490,'2014-04-24 17:20:21'),(3042,2,1,2,5,2,10,490,'2014-04-24 17:20:21'),(3043,2,1,2,5,2,10,490,'2014-04-24 17:20:21'),(3044,2,1,2,5,2,10,490,'2014-04-24 17:20:21'),(3045,3,1,2,10,3,20,500,'2014-02-21 17:37:38'),(3046,3,1,2,10,3,20,500,'2014-02-21 17:37:38'),(3047,3,1,2,10,3,20,500,'2014-02-21 17:37:38'),(3048,3,1,2,10,3,20,500,'2014-02-21 17:37:38'),(3049,3,1,2,10,3,20,500,'2014-02-21 17:37:38'),(3050,3,1,2,10,3,20,500,'2014-02-21 17:37:38'),(3051,3,1,2,10,3,20,500,'2014-03-24 17:20:19'),(3052,3,1,2,10,3,20,500,'2014-03-24 17:20:19'),(3053,3,1,2,10,3,20,500,'2014-03-24 17:20:19'),(3054,3,1,2,10,3,20,500,'2014-03-24 17:20:19'),(3055,3,1,2,10,3,20,500,'2014-03-24 17:20:19'),(3056,3,1,2,10,3,20,500,'2014-03-24 17:20:19'),(3057,3,1,2,10,3,20,500,'2014-04-24 17:20:21'),(3058,3,1,2,10,3,20,500,'2014-04-24 17:20:21'),(3059,3,1,2,10,3,20,500,'2014-04-24 17:20:21'),(3060,3,1,2,10,3,20,500,'2014-04-24 17:20:21'),(3061,3,1,2,10,3,20,500,'2014-04-24 17:20:21'),(3062,3,1,2,10,3,20,500,'2014-04-24 17:20:21'),(3063,3,1,2,10,3,20,500,'2014-04-24 17:20:21'),(3064,3,1,2,10,3,20,500,'2014-04-24 17:20:21'),(3065,4,1,2,10,4,20,500,'2014-02-21 17:37:38'),(3066,4,1,2,10,4,20,500,'2014-02-21 17:37:38'),(3067,4,1,2,10,4,20,500,'2014-02-21 17:37:38'),(3068,4,1,2,10,4,20,500,'2014-02-21 17:37:38'),(3069,4,1,2,10,4,20,500,'2014-02-21 17:37:38'),(3070,4,1,2,10,4,20,500,'2014-02-21 17:37:38'),(3071,4,1,2,10,4,20,500,'2014-03-21 17:37:38'),(3072,4,1,2,10,4,20,500,'2014-03-21 17:37:38'),(3073,4,1,2,10,4,20,500,'2014-03-21 17:37:38'),(3074,4,1,2,10,4,20,500,'2014-03-21 17:37:38'),(3075,4,1,2,10,4,20,500,'2014-03-21 17:37:38'),(3076,4,1,2,10,4,20,500,'2014-04-21 17:37:38'),(3077,4,1,2,10,4,20,500,'2014-04-21 17:37:38'),(3078,4,1,2,10,4,20,500,'2014-04-21 17:37:38'),(3079,4,1,2,10,4,20,500,'2014-04-21 17:37:38'),(3080,4,1,2,10,4,20,500,'2014-04-21 17:37:38'),(3081,4,1,2,10,4,20,500,'2014-04-21 17:37:38'),(3082,4,1,2,10,4,20,500,'2014-04-21 17:37:38'),(3083,4,1,2,10,4,20,500,'2014-04-21 17:37:38'),(3084,4,1,2,10,4,20,500,'2014-04-21 17:37:38'),(3085,1,1,1,10,1,10,555,'2014-06-20 13:17:15'),(3086,1,1,2,15,1,30,240,'2014-01-21 17:37:38'),(3087,1,1,2,30,1,60,480,'2014-01-21 17:38:03'),(3088,1,1,1,1,1,1,479,'2014-01-24 17:20:11'),(3089,1,1,1,1,1,1,478,'2014-01-24 17:20:17'),(3090,1,1,1,1,1,1,477,'2014-02-24 17:20:19'),(3091,1,1,1,1,1,1,476,'2014-02-24 17:20:19'),(3092,1,1,1,1,1,1,475,'2014-02-24 17:20:20'),(3093,1,1,1,1,1,1,474,'2014-02-24 17:20:20'),(3094,1,1,1,1,1,1,473,'2014-03-24 17:20:21'),(3095,1,1,1,1,1,1,472,'2014-03-24 17:20:21'),(3096,1,1,1,1,1,1,471,'2014-03-24 17:20:21'),(3097,1,1,1,1,1,1,471,'2014-03-24 17:20:22'),(3098,1,1,1,1,1,1,470,'2014-03-24 17:20:22'),(3099,1,1,1,1,1,1,469,'2014-03-24 17:20:40'),(3100,1,1,1,1,1,1,468,'2014-03-24 17:21:45'),(3101,1,1,1,1,1,1,467,'2014-03-24 17:22:02'),(3102,1,1,1,1,1,1,466,'2014-03-24 17:34:30'),(3103,1,1,1,1,1,1,465,'2014-03-24 17:35:02'),(3104,2,1,2,10,2,20,500,'2014-01-21 17:37:38'),(3105,2,1,2,5,2,10,490,'2014-01-21 17:38:03'),(3106,2,1,2,5,2,10,490,'2014-01-21 17:38:03'),(3107,2,1,2,5,2,10,490,'2014-01-21 17:38:03'),(3108,2,1,2,5,2,10,490,'2014-01-21 17:38:03'),(3109,2,1,2,5,2,10,490,'2014-02-24 17:20:19'),(3110,2,1,2,5,2,10,490,'2014-02-24 17:20:19'),(3111,2,1,2,5,2,10,490,'2014-02-24 17:20:19'),(3112,2,1,2,5,2,10,490,'2014-02-24 17:20:19'),(3113,2,1,2,5,2,10,490,'2014-03-24 17:20:21'),(3114,2,1,2,5,2,10,490,'2014-03-24 17:20:21'),(3115,2,1,2,5,2,10,490,'2014-03-24 17:20:21'),(3116,2,1,2,5,2,10,490,'2014-03-24 17:20:21'),(3117,2,1,2,5,2,10,490,'2014-03-24 17:20:21'),(3118,3,1,2,10,3,20,500,'2014-01-21 17:37:38'),(3119,3,1,2,10,3,20,500,'2014-01-21 17:37:38'),(3120,3,1,2,10,3,20,500,'2014-01-21 17:37:38'),(3121,3,1,2,10,3,20,500,'2014-01-21 17:37:38'),(3122,3,1,2,10,3,20,500,'2014-01-21 17:37:38'),(3123,3,1,2,10,3,20,500,'2014-01-21 17:37:38'),(3124,3,1,2,10,3,20,500,'2014-02-24 17:20:19'),(3125,3,1,2,10,3,20,500,'2014-02-24 17:20:19'),(3126,3,1,2,10,3,20,500,'2014-02-24 17:20:19'),(3127,3,1,2,10,3,20,500,'2014-02-24 17:20:19'),(3128,3,1,2,10,3,20,500,'2014-02-24 17:20:19'),(3129,3,1,2,10,3,20,500,'2014-02-24 17:20:19'),(3130,3,1,2,10,3,20,500,'2014-03-24 17:20:21'),(3131,3,1,2,10,3,20,500,'2014-03-24 17:20:21'),(3132,3,1,2,10,3,20,500,'2014-03-24 17:20:21'),(3133,3,1,2,10,3,20,500,'2014-03-24 17:20:21'),(3134,3,1,2,10,3,20,500,'2014-03-24 17:20:21'),(3135,3,1,2,10,3,20,500,'2014-03-24 17:20:21'),(3136,3,1,2,10,3,20,500,'2014-03-24 17:20:21'),(3137,3,1,2,10,3,20,500,'2014-03-24 17:20:21'),(3138,4,1,2,10,4,20,500,'2014-01-21 17:37:38'),(3139,4,1,2,10,4,20,500,'2014-01-21 17:37:38'),(3140,4,1,2,10,4,20,500,'2014-01-21 17:37:38'),(3141,4,1,2,10,4,20,500,'2014-01-21 17:37:38'),(3142,4,1,2,10,4,20,500,'2014-01-21 17:37:38'),(3143,4,1,2,10,4,20,500,'2014-01-21 17:37:38'),(3144,4,1,2,10,4,20,500,'2014-02-21 17:37:38'),(3145,4,1,2,10,4,20,500,'2014-02-21 17:37:38'),(3146,4,1,2,10,4,20,500,'2014-02-21 17:37:38'),(3147,4,1,2,10,4,20,500,'2014-02-21 17:37:38'),(3148,4,1,2,10,4,20,500,'2014-02-21 17:37:38'),(3149,4,1,2,10,4,20,500,'2014-03-21 17:37:38'),(3150,4,1,2,10,4,20,500,'2014-03-21 17:37:38'),(3151,4,1,2,10,4,20,500,'2014-03-21 17:37:38'),(3152,4,1,2,10,4,20,500,'2014-03-21 17:37:38'),(3153,4,1,2,10,4,20,500,'2014-03-21 17:37:38'),(3154,4,1,2,10,4,20,500,'2014-03-21 17:37:38'),(3155,4,1,2,10,4,20,500,'2014-03-21 17:37:38'),(3156,4,1,2,10,4,20,500,'2014-03-21 17:37:38'),(3157,4,1,2,10,4,20,500,'2014-03-21 17:37:38'),(3158,1,1,1,10,1,10,555,'2014-05-20 13:17:15');
/*!40000 ALTER TABLE `costhistory` ENABLE KEYS */;
UNLOCK TABLES;

--
-- Table structure for table `gashistory`
--

DROP TABLE IF EXISTS `gashistory`;
/*!40101 SET @saved_cs_client     = @@character_set_client */;
/*!40101 SET character_set_client = utf8 */;
CREATE TABLE `gashistory` (
  `id` int(11) NOT NULL,
  `companyid` int(11) DEFAULT NULL,
  `gasAmount` double DEFAULT NULL,
  `price` double DEFAULT NULL,
  `time` date DEFAULT NULL,
  PRIMARY KEY (`id`)
) ENGINE=InnoDB DEFAULT CHARSET=utf8;
/*!40101 SET character_set_client = @saved_cs_client */;

--
-- Dumping data for table `gashistory`
--

LOCK TABLES `gashistory` WRITE;
/*!40000 ALTER TABLE `gashistory` DISABLE KEYS */;
/*!40000 ALTER TABLE `gashistory` ENABLE KEYS */;
UNLOCK TABLES;

--
-- Table structure for table `menu`
--

DROP TABLE IF EXISTS `menu`;
/*!40101 SET @saved_cs_client     = @@character_set_client */;
/*!40101 SET character_set_client = utf8 */;
CREATE TABLE `menu` (
  `id` int(11) NOT NULL AUTO_INCREMENT,
  `name` varchar(45) DEFAULT NULL,
  `remark` varchar(64) DEFAULT NULL,
  `url` varchar(20) DEFAULT NULL,
  PRIMARY KEY (`id`)
) ENGINE=InnoDB AUTO_INCREMENT=7 DEFAULT CHARSET=utf8;
/*!40101 SET character_set_client = @saved_cs_client */;

--
-- Dumping data for table `menu`
--

LOCK TABLES `menu` WRITE;
/*!40000 ALTER TABLE `menu` DISABLE KEYS */;
INSERT INTO `menu` VALUES (1,'员工管理','员工管理','/users'),(2,'子站管理','子站管理','/substation'),(3,'业务处理','业务处理','/business'),(4,'数据查询','数据查询','/data'),(5,'权限管理','权限管理','/permission'),(6,'系统设置','系统设置','/setting');
/*!40000 ALTER TABLE `menu` ENABLE KEYS */;
UNLOCK TABLES;

--
-- Table structure for table `rechargehistory`
--

DROP TABLE IF EXISTS `rechargehistory`;
/*!40101 SET @saved_cs_client     = @@character_set_client */;
/*!40101 SET character_set_client = utf8 */;
CREATE TABLE `rechargehistory` (
  `id` int(11) NOT NULL AUTO_INCREMENT,
  `cardid` varchar(64) DEFAULT NULL,
  `operatorid` int(11) DEFAULT NULL,
  `money` double DEFAULT NULL,
  `balance` double DEFAULT NULL,
  `time` datetime DEFAULT NULL,
  PRIMARY KEY (`id`)
) ENGINE=InnoDB AUTO_INCREMENT=5 DEFAULT CHARSET=utf8;
/*!40101 SET character_set_client = @saved_cs_client */;

--
-- Dumping data for table `rechargehistory`
--

LOCK TABLES `rechargehistory` WRITE;
/*!40000 ALTER TABLE `rechargehistory` DISABLE KEYS */;
INSERT INTO `rechargehistory` VALUES (1,'535aa2c8-b77f-423c-baba-9e27863da4c2',1,100,270,'2015-12-21 17:37:19'),(2,'535aa2c8-b77f-423c-baba-9e27863da4c2',1,300,540,'2015-12-21 17:37:51'),(3,'535aa2c8-b77f-423c-baba-9e27863da4c2',1,100,465,'2015-12-24 17:37:00'),(4,'535aa2c8-b77f-423c-baba-9e27863da4c2',1,100,555,'2016-02-20 13:17:34');
/*!40000 ALTER TABLE `rechargehistory` ENABLE KEYS */;
UNLOCK TABLES;

--
-- Table structure for table `registerhistory`
--

DROP TABLE IF EXISTS `registerhistory`;
/*!40101 SET @saved_cs_client     = @@character_set_client */;
/*!40101 SET character_set_client = utf8 */;
CREATE TABLE `registerhistory` (
  `id` int(11) NOT NULL AUTO_INCREMENT,
  `cardid` int(11) DEFAULT NULL,
  `operatorid` int(11) DEFAULT NULL,
  `time` date DEFAULT NULL,
  `remark` varchar(200) DEFAULT NULL,
  PRIMARY KEY (`id`)
) ENGINE=InnoDB DEFAULT CHARSET=utf8;
/*!40101 SET character_set_client = @saved_cs_client */;

--
-- Dumping data for table `registerhistory`
--

LOCK TABLES `registerhistory` WRITE;
/*!40000 ALTER TABLE `registerhistory` DISABLE KEYS */;
/*!40000 ALTER TABLE `registerhistory` ENABLE KEYS */;
UNLOCK TABLES;

--
-- Table structure for table `role`
--

DROP TABLE IF EXISTS `role`;
/*!40101 SET @saved_cs_client     = @@character_set_client */;
/*!40101 SET character_set_client = utf8 */;
CREATE TABLE `role` (
  `id` int(11) NOT NULL AUTO_INCREMENT,
  `name` varchar(45) DEFAULT NULL,
  `desc` varchar(200) DEFAULT NULL,
  PRIMARY KEY (`id`)
) ENGINE=InnoDB AUTO_INCREMENT=4 DEFAULT CHARSET=utf8;
/*!40101 SET character_set_client = @saved_cs_client */;

--
-- Dumping data for table `role`
--

LOCK TABLES `role` WRITE;
/*!40000 ALTER TABLE `role` DISABLE KEYS */;
INSERT INTO `role` VALUES (1,'admin',NULL),(2,'employee',NULL),(3,'customer',NULL);
/*!40000 ALTER TABLE `role` ENABLE KEYS */;
UNLOCK TABLES;

--
-- Table structure for table `rolemenu`
--

DROP TABLE IF EXISTS `rolemenu`;
/*!40101 SET @saved_cs_client     = @@character_set_client */;
/*!40101 SET character_set_client = utf8 */;
CREATE TABLE `rolemenu` (
  `roleid` int(11) NOT NULL,
  `menuid` int(11) NOT NULL,
  PRIMARY KEY (`roleid`,`menuid`)
) ENGINE=InnoDB DEFAULT CHARSET=utf8;
/*!40101 SET character_set_client = @saved_cs_client */;

--
-- Dumping data for table `rolemenu`
--

LOCK TABLES `rolemenu` WRITE;
/*!40000 ALTER TABLE `rolemenu` DISABLE KEYS */;
INSERT INTO `rolemenu` VALUES (1,1),(1,2),(1,3),(1,4),(1,5),(1,6),(2,3),(2,4);
/*!40000 ALTER TABLE `rolemenu` ENABLE KEYS */;
UNLOCK TABLES;

--
-- Table structure for table `setting`
--

DROP TABLE IF EXISTS `setting`;
/*!40101 SET @saved_cs_client     = @@character_set_client */;
/*!40101 SET character_set_client = utf8 */;
CREATE TABLE `setting` (
  `settingkey` varchar(45) NOT NULL,
  `value` varchar(120) DEFAULT NULL,
  PRIMARY KEY (`settingkey`)
) ENGINE=InnoDB DEFAULT CHARSET=utf8;
/*!40101 SET character_set_client = @saved_cs_client */;

--
-- Dumping data for table `setting`
--

LOCK TABLES `setting` WRITE;
/*!40000 ALTER TABLE `setting` DISABLE KEYS */;
INSERT INTO `setting` VALUES ('agentid','1'),('corpid','wxa5cf25672e5e7688'),('domain','http://zjy187156814.6655.la:10328'),('EncodingAESKey','vMpk78HxIOg9sItzl5QeRhVPYnZfiuAXB8NOlcjBeWC'),('secret','mKBydPzHmkIvO9JplVxEIDuFEcs4iz6yo2NrC2T9Nj678OSA-wSfTYg27UBLvYpj'),('Token','LjLEnZTyM24YWQVcMM5peVxaG0p2J9d');
/*!40000 ALTER TABLE `setting` ENABLE KEYS */;
UNLOCK TABLES;

--
-- Table structure for table `user`
--

DROP TABLE IF EXISTS `user`;
/*!40101 SET @saved_cs_client     = @@character_set_client */;
/*!40101 SET character_set_client = utf8 */;
CREATE TABLE `user` (
  `id` int(11) NOT NULL AUTO_INCREMENT,
  `name` varchar(100) DEFAULT NULL,
  `password` varchar(64) DEFAULT NULL,
  `phone` varchar(11) DEFAULT NULL,
  `cardid` varchar(100) DEFAULT NULL,
  `companyid` int(11) DEFAULT NULL,
  `number` varchar(45) DEFAULT NULL,
  `roleid` int(11) DEFAULT NULL,
  `carid` int(11) DEFAULT NULL,
  `lastLoginDate` date DEFAULT NULL,
  `idcard` varchar(45) DEFAULT NULL,
  `email` varchar(50) DEFAULT NULL,
  PRIMARY KEY (`id`),
  UNIQUE KEY `id_UNIQUE` (`id`)
) ENGINE=InnoDB AUTO_INCREMENT=16 DEFAULT CHARSET=utf8;
/*!40101 SET character_set_client = @saved_cs_client */;

--
-- Dumping data for table `user`
--

LOCK TABLES `user` WRITE;
/*!40000 ALTER TABLE `user` DISABLE KEYS */;
INSERT INTO `user` VALUES (1,'admin','admin','18234134166','535aa2c8-b77f-423c-baba-9e27863da4c2',1,'yt00522',1,1,NULL,'140602199205079013',NULL),(2,'shanghai','shanghai','1233212321','12312312312321321',2,'iyi23321',2,NULL,NULL,NULL,NULL),(3,'beijing','beijing','1231231233','213123123213213123',3,'3213321',2,NULL,NULL,NULL,NULL),(4,'taiyuan','taiyuan','12332134213','321321312412312312',4,'3213412',2,NULL,NULL,NULL,NULL),(14,'高宇','456789','18234085494','0c41e679-bd82-4c51-b412-a8fb5f774b8c',NULL,'18234085494',3,13,NULL,'123456789123456789',NULL),(15,'amos','456456','12345678911','fced6382-2207-4ebb-abae-a82736fda6a3',NULL,'12345678911',3,14,NULL,'123132123132456456',NULL);
/*!40000 ALTER TABLE `user` ENABLE KEYS */;
UNLOCK TABLES;
/*!40103 SET TIME_ZONE=@OLD_TIME_ZONE */;

/*!40101 SET SQL_MODE=@OLD_SQL_MODE */;
/*!40014 SET FOREIGN_KEY_CHECKS=@OLD_FOREIGN_KEY_CHECKS */;
/*!40014 SET UNIQUE_CHECKS=@OLD_UNIQUE_CHECKS */;
/*!40101 SET CHARACTER_SET_CLIENT=@OLD_CHARACTER_SET_CLIENT */;
/*!40101 SET CHARACTER_SET_RESULTS=@OLD_CHARACTER_SET_RESULTS */;
/*!40101 SET COLLATION_CONNECTION=@OLD_COLLATION_CONNECTION */;
/*!40111 SET SQL_NOTES=@OLD_SQL_NOTES */;

-- Dump completed on 2016-02-20 13:43:08
